1.53, 0.39, 10.16
1.53, 0.39, 10.16
1.53, 0.39, 10.16
1.53, 0.39, 10.16
1.53, 0.59, 10.36
1.49, 0.59, 10.36
1.49, 0.59, 10.36
1.49, 0.59, 10.36
1.49, 0.59, 10.36
1.49, 0.59, 10.40
1.53, 0.55, 10.40
1.53, 0.55, 10.40
1.53, 0.55, 10.40
1.53, 0.55, 10.40
1.53, 0.55, 10.47
1.29, 0.43, 10.47
1.29, 0.43, 10.47
1.29, 0.43, 10.47
1.29, 0.43, 10.47
1.29, 0.43, 9.96
1.26, 0.08, 9.96
1.26, 0.08, 9.96
1.26, 0.08, 9.96
1.26, 0.08, 9.96
1.26, 0.08, 9.89
0.24, 0.00, 9.89
0.24, 0.00, 9.89
0.24, 0.00, 9.89
0.24, 0.00, 9.89
0.24, 0.00, 9.22
1.57, -0.86, 9.22
1.57, -0.86, 9.22
1.57, -0.86, 9.22
1.57, -0.86, 9.22
1.57, -0.86, 9.45
1.37, -0.47, 9.45
1.37, -0.47, 9.45
1.37, -0.47, 9.45
1.37, -0.47, 9.45
1.37, -0.47, 9.02
2.63, -1.53, 9.02
2.63, -1.53, 9.02
2.63, -1.53, 9.02
2.63, -1.53, 9.02
2.63, -1.53, 9.02
0.27, 0.39, 10.90
0.27, 0.39, 10.90
0.27, 0.39, 10.90
0.27, 0.39, 10.90
0.27, 0.39, 10.90
1.22, -1.84, 8.87
1.22, -1.84, 8.87
1.22, -1.84, 8.87
1.22, -1.84, 8.87
1.22, -1.84, 8.87
0.75, -0.08, 10.20
0.75, -0.08, 10.20
0.75, -0.08, 10.20
0.75, -0.08, 10.20
0.75, -0.08, 10.20
1.49, -1.69, 9.18
1.49, -1.69, 9.18
1.49, -1.69, 9.18
1.49, -1.69, 9.18
1.49, -1.69, 9.18
0.31, -0.59, 10.24
0.31, -0.59, 10.24
0.31, -0.59, 10.24
0.31, -0.59, 10.24
0.31, -0.59, 10.24
1.37, -1.53, 9.18
1.37, -1.53, 9.18
1.37, -1.53, 9.18
1.37, -1.53, 9.18
1.37, -1.53, 9.18
0.71, -0.90, 9.45
0.71, -0.90, 9.45
0.71, -0.90, 9.45
0.71, -0.90, 9.45
0.71, -0.90, 9.45
1.53, -1.45, 9.10
1.53, -1.45, 9.10
1.53, -1.45, 9.10
1.53, -1.45, 9.10
1.53, -1.45, 9.10
0.98, -0.94, 9.65
0.98, -0.94, 9.65
0.98, -0.94, 9.65
0.98, -0.94, 9.65
0.98, -0.94, 9.65
1.49, -0.98, 9.81
1.49, -0.98, 9.81
1.49, -0.98, 9.81
1.49, -0.98, 9.81
1.49, -0.98, 9.81
1.41, -0.94, 9.77
1.41, -0.94, 9.77
1.41, -0.94, 9.77
1.41, -0.94, 9.77
1.41, -0.94, 9.77
1.26, -0.78, 9.73
1.26, -0.78, 9.73
1.26, -0.78, 9.73
1.26, -0.78, 9.73
1.26, -0.78, 9.73
1.26, -0.78, 9.57
1.41, -0.78, 9.57
1.41, -0.78, 9.57
1.41, -0.78, 9.57
1.41, -0.78, 9.57
1.41, -0.63, 9.81
1.26, -0.63, 9.81
1.26, -0.63, 9.81
1.26, -0.63, 9.81
1.26, -0.63, 9.81
1.26, -0.47, 9.92
1.49, -0.47, 9.92
1.49, -0.47, 9.92
1.49, -0.47, 9.92
1.49, -0.47, 9.92
1.49, -0.16, 10.00
1.29, -0.16, 10.00
1.29, -0.16, 10.00
1.29, -0.16, 10.00
1.29, -0.16, 10.00
1.29, -0.20, 10.00
1.65, -0.20, 10.00
1.65, -0.20, 10.00
1.65, -0.20, 10.00
1.65, -0.20, 10.00
1.65, 0.04, 10.00
1.65, 0.04, 10.00
1.65, 0.04, 10.00
1.65, 0.04, 10.00
1.65, 0.04, 10.00
1.65, 0.16, 10.08
1.61, 0.16, 10.08
1.61, 0.16, 10.08
1.61, 0.16, 10.08
1.61, 0.16, 10.08
1.61, -0.08, 10.00
1.69, -0.08, 10.00
1.69, -0.08, 10.00
1.69, -0.08, 10.00
1.69, -0.08, 10.00
1.69, -0.16, 9.73
1.57, -0.16, 9.73
1.57, -0.16, 9.73
1.57, -0.16, 9.73
1.57, -0.16, 9.73
1.57, -0.16, 9.69
1.45, -0.08, 9.69
1.45, -0.08, 9.69
1.45, -0.08, 9.69
1.45, -0.08, 9.69
1.45, -0.08, 9.69
1.49, -0.08, 9.69
1.49, -0.08, 9.69
1.49, -0.08, 9.69
1.49, -0.08, 9.69
1.49, -0.08, 9.73
1.33, -0.16, 9.73
1.33, -0.16, 9.73
1.33, -0.16, 9.73
1.33, -0.16, 9.73
1.33, -0.16, 9.96
1.29, -0.08, 9.96
1.29, -0.08, 9.96
1.29, -0.08, 9.96
1.29, -0.08, 9.96
1.29, -0.08, 10.04
0.12, 0.12, 10.04
0.12, 0.12, 10.04
0.12, 0.12, 10.04
0.12, 0.12, 10.04
0.12, 0.12, 10.12
1.84, 0.08, 10.12
1.84, 0.08, 10.12
1.84, 0.08, 10.12
1.84, 0.08, 10.12
1.84, 0.08, 10.00
1.22, 0.08, 10.00
1.22, 0.08, 10.00
1.22, 0.08, 10.00
1.22, 0.08, 10.00
1.22, 0.08, 10.08
0.94, -0.16, 10.08
0.94, -0.16, 10.08
0.94, -0.16, 10.08
0.94, -0.16, 10.08
0.94, -0.16, 10.08
0.82, -0.16, 9.96
0.82, -0.16, 9.96
0.82, -0.16, 9.96
0.82, -0.16, 9.96
0.82, -0.16, 9.96
1.10, -0.04, 9.96
1.10, -0.04, 9.96
1.10, -0.04, 9.96
1.10, -0.04, 9.96
1.10, -0.04, 9.96
1.22, 0.16, 10.20
1.22, 0.16, 10.20
1.22, 0.16, 10.20
1.22, 0.16, 10.20
1.22, 0.16, 10.20
1.22, 0.35, 10.36
1.22, 0.35, 10.36
1.22, 0.35, 10.36
1.22, 0.35, 10.36
1.22, 0.35, 10.36
1.02, 0.55, 10.55
1.02, 0.55, 10.55
1.02, 0.55, 10.55
1.02, 0.55, 10.55
1.02, 0.55, 10.55
1.22, 0.12, 10.24
1.22, 0.12, 10.24
1.22, 0.12, 10.24
1.22, 0.12, 10.24
1.22, 0.12, 10.24
1.10, 0.20, 10.16
1.10, 0.20, 10.16
1.10, 0.20, 10.16
1.10, 0.20, 10.16
1.10, 0.20, 10.16
1.06, 0.20, 9.96
1.06, 0.20, 9.96
1.06, 0.20, 9.96
1.06, 0.20, 9.96
1.06, 0.20, 9.96
0.98, 0.16, 9.92
0.98, 0.16, 9.92
0.98, 0.16, 9.92
0.98, 0.16, 9.92
0.98, 0.16, 9.92
0.98, 0.16, 9.89
1.06, 0.16, 9.89
1.06, 0.16, 9.89
1.06, 0.16, 9.89
1.06, 0.16, 9.89
1.06, 0.12, 10.04
0.90, 0.12, 10.04
0.90, 0.12, 10.04
0.90, 0.12, 10.04
0.90, 0.12, 10.04
0.90, 0.12, 10.04
0.82, 0.12, 10.04
0.82, 0.12, 10.04
0.82, 0.12, 10.04
0.82, 0.12, 10.04
0.82, 0.12, 9.92
0.94, 0.12, 9.92
0.94, 0.12, 9.92
0.94, 0.12, 9.92
0.94, 0.12, 9.92
0.94, 0.12, 10.04
1.02, 0.12, 10.04
1.02, 0.12, 10.04
1.02, 0.12, 10.04
1.02, 0.12, 10.04
1.02, 0.12, 10.12
0.75, 0.12, 10.12
0.75, 0.12, 10.12
0.75, 0.12, 10.12
0.75, 0.12, 10.12
0.75, 0.12, 10.08
0.86, 0.20, 10.08
0.86, 0.20, 10.08
0.86, 0.20, 10.08
0.86, 0.20, 10.08
0.86, 0.20, 10.12
0.75, 0.12, 10.12
0.75, 0.12, 10.12
0.75, 0.12, 10.12
0.75, 0.12, 10.12
0.75, 0.12, 10.08
0.71, 0.04, 10.08
0.71, 0.04, 10.08
0.71, 0.04, 10.08
0.71, 0.04, 10.08
0.71, 0.04, 10.04
0.67, 0.04, 10.04
0.67, 0.04, 10.04
0.67, 0.04, 10.04
0.67, 0.04, 10.04
0.67, 0.04, 10.00
0.90, 0.16, 10.00
0.90, 0.16, 10.00
0.90, 0.16, 10.00
0.90, 0.16, 10.00
0.90, 0.16, 9.96
0.98, 0.08, 9.96
0.98, 0.08, 9.96
0.98, 0.08, 9.96
0.98, 0.08, 9.96
0.98, 0.08, 9.96
1.06, 0.12, 9.85
1.06, 0.12, 9.85
1.06, 0.12, 9.85
1.06, 0.12, 9.85
1.06, 0.12, 9.85
0.98, 0.12, 9.61
0.98, 0.12, 9.61
0.98, 0.12, 9.61
0.98, 0.12, 9.61
0.98, 0.12, 9.61
1.45, 0.75, 9.38
1.45, 0.75, 9.38
1.45, 0.75, 9.38
1.45, 0.75, 9.38
1.45, 0.75, 9.38
0.78, 0.00, 9.81
0.78, 0.00, 9.81
0.78, 0.00, 9.81
0.78, 0.00, 9.81
0.78, 0.00, 9.81
0.31, 0.00, 10.24
0.31, 0.00, 10.24
0.31, 0.00, 10.24
0.31, 0.00, 10.24
0.31, 0.00, 10.24
0.71, -0.04, 9.65
0.71, -0.04, 9.65
0.71, -0.04, 9.65
0.71, -0.04, 9.65
0.71, -0.04, 9.65
0.94, 0.04, 9.69
0.94, 0.04, 9.69
0.94, 0.04, 9.69
0.94, 0.04, 9.69
0.94, 0.04, 9.69
0.78, 0.12, 9.89
0.78, 0.12, 9.89
0.78, 0.12, 9.89
0.78, 0.12, 9.89
0.78, 0.12, 9.89
0.78, 0.12, 9.96
0.78, 0.12, 9.96
0.78, 0.12, 9.96
0.78, 0.12, 9.96
0.78, 0.12, 9.96
0.78, 0.59, 10.71
0.86, 0.59, 10.71
0.86, 0.59, 10.71
0.86, 0.59, 10.71
0.86, 0.59, 10.71
0.86, 0.08, 10.28
0.51, 0.08, 10.28
0.51, 0.08, 10.28
0.51, 0.08, 10.28
0.51, 0.08, 10.28
0.51, 0.39, 10.32
0.59, 0.39, 10.32
0.59, 0.39, 10.32
0.59, 0.39, 10.32
0.59, 0.39, 10.32
0.59, 0.20, 10.08
0.55, 0.20, 10.08
0.55, 0.20, 10.08
0.55, 0.20, 10.08
0.55, 0.20, 10.08
0.55, 0.00, 9.89
0.39, 0.00, 9.89
0.39, 0.00, 9.89
0.39, 0.00, 9.89
0.39, 0.00, 9.89
0.39, -0.12, 9.53
0.55, -0.12, 9.53
0.55, -0.12, 9.53
0.55, -0.12, 9.53
0.55, -0.12, 9.53
0.55, 0.16, 9.89
0.71, 0.16, 9.89
0.71, 0.16, 9.89
0.71, 0.16, 9.89
0.71, 0.16, 9.89
0.71, 0.16, 10.16
0.75, 0.16, 10.16
0.75, 0.16, 10.16
0.75, 0.16, 10.16
0.75, 0.16, 10.16
0.75, 0.16, 10.20
0.63, 0.16, 10.20
0.63, 0.16, 10.20
0.63, 0.16, 10.20
0.63, 0.16, 10.20
0.63, 0.16, 10.04
0.82, 0.00, 10.04
0.82, 0.00, 10.04
0.82, 0.00, 10.04
0.82, 0.00, 10.04
0.82, 0.00, 9.81
0.71, -0.04, 9.81
0.71, -0.04, 9.81
0.71, -0.04, 9.81
0.71, -0.04, 9.81
0.71, -0.04, 10.24
0.59, 0.04, 10.24
0.59, 0.04, 10.24
0.59, 0.04, 10.24
0.59, 0.04, 10.24
0.59, 0.04, 10.16
0.63, 0.08, 10.16
0.63, 0.08, 10.16
0.63, 0.08, 10.16
0.63, 0.08, 10.16
0.63, 0.08, 10.12
0.59, 0.08, 10.12
0.59, 0.08, 10.12
0.59, 0.08, 10.12
0.59, 0.08, 10.12
0.59, 0.08, 10.12
0.75, 0.04, 9.89
0.75, 0.04, 9.89
0.75, 0.04, 9.89
0.75, 0.04, 9.89
0.75, 0.04, 9.89
0.71, 0.16, 10.00
0.71, 0.16, 10.00
0.71, 0.16, 10.00
0.71, 0.16, 10.00
0.71, 0.16, 10.00
0.67, 0.20, 10.12
0.67, 0.20, 10.12
0.67, 0.20, 10.12
0.67, 0.20, 10.12
0.67, 0.20, 10.12
0.59, 0.04, 9.96
0.59, 0.04, 9.96
0.59, 0.04, 9.96
0.59, 0.04, 9.96
0.59, 0.04, 9.96
0.55, 0.12, 10.12
0.55, 0.12, 10.12
0.55, 0.12, 10.12
0.55, 0.12, 10.12
0.55, 0.12, 10.12
0.55, 0.24, 10.28
0.55, 0.24, 10.28
0.55, 0.24, 10.28
0.55, 0.24, 10.28
0.55, 0.24, 10.28
0.67, 0.04, 9.96
0.67, 0.04, 9.96
0.67, 0.04, 9.96
0.67, 0.04, 9.96
0.67, 0.04, 9.96
0.71, -0.16, 9.06
0.71, -0.16, 9.06
0.71, -0.16, 9.06
0.71, -0.16, 9.06
0.71, -0.16, 9.06
0.55, 0.24, 10.12
0.55, 0.24, 10.12
0.55, 0.24, 10.12
0.55, 0.24, 10.12
0.55, 0.24, 10.12
0.55, 0.27, 10.87
0.43, 0.27, 10.87
0.43, 0.27, 10.87
0.43, 0.27, 10.87
0.43, 0.27, 10.87
0.43, 0.08, 10.00
0.55, 0.08, 10.00
0.55, 0.08, 10.00
0.55, 0.08, 10.00
0.55, 0.08, 10.00
0.55, 0.12, 10.04
0.67, 0.12, 10.04
0.67, 0.12, 10.04
0.67, 0.12, 10.04
0.67, 0.12, 10.04
0.67, 0.16, 9.96
0.59, 0.16, 9.96
0.59, 0.16, 9.96
0.59, 0.16, 9.96
0.59, 0.16, 9.96
0.59, 0.12, 9.81
0.55, 0.12, 9.81
0.55, 0.12, 9.81
0.55, 0.12, 9.81
0.55, 0.12, 9.81
0.55, 0.16, 9.85
0.71, 0.16, 9.85
0.71, 0.16, 9.85
0.71, 0.16, 9.85
0.71, 0.16, 9.85
0.71, 0.16, 9.96
0.67, 0.16, 9.96
0.67, 0.16, 9.96
0.67, 0.16, 9.96
0.67, 0.16, 9.96
0.67, 0.16, 9.49
0.71, 0.04, 9.49
0.71, 0.04, 9.49
0.71, 0.04, 9.49
0.71, 0.04, 9.49
0.71, 0.04, 9.77
0.90, 0.24, 9.77
0.90, 0.24, 9.77
0.90, 0.24, 9.77
0.90, 0.24, 9.77
0.90, 0.24, 10.28
0.82, 0.27, 10.28
0.82, 0.27, 10.28
0.82, 0.27, 10.28
0.82, 0.27, 10.28
0.82, 0.27, 10.16
0.59, 0.12, 10.16
0.59, 0.12, 10.16
0.59, 0.12, 10.16
0.59, 0.12, 10.16
0.59, 0.12, 10.12
0.39, -0.08, 10.12
0.39, -0.08, 10.12
0.39, -0.08, 10.12
0.39, -0.08, 10.12
0.39, -0.08, 9.77
0.67, 0.20, 9.77
0.67, 0.20, 9.77
0.67, 0.20, 9.77
0.67, 0.20, 9.77
0.67, 0.20, 9.77
0.63, 0.08, 10.04
0.63, 0.08, 10.04
0.63, 0.08, 10.04
0.63, 0.08, 10.04
0.63, 0.08, 10.04
1.10, 0.75, 10.20
1.10, 0.75, 10.20
1.10, 0.75, 10.20
1.10, 0.75, 10.20
1.10, 0.75, 10.20
1.06, 0.71, 10.32
1.06, 0.71, 10.32
1.06, 0.71, 10.32
1.06, 0.71, 10.32
1.06, 0.71, 10.32
0.98, 1.33, 9.41
0.98, 1.33, 9.41
0.98, 1.33, 9.41
0.98, 1.33, 9.41
0.98, 1.33, 9.41
-1.88, -1.37, 9.30
-1.88, -1.37, 9.30
-1.88, -1.37, 9.30
-1.88, -1.37, 9.30
-1.88, -1.37, 9.30
0.59, -0.55, 9.38
0.59, -0.55, 9.38
0.59, -0.55, 9.38
0.59, -0.55, 9.38
0.59, -0.55, 9.38
1.57, 1.22, 11.22
1.57, 1.22, 11.22
1.57, 1.22, 11.22
1.57, 1.22, 11.22
1.57, 1.22, 11.22
0.39, 1.26, 11.85
0.39, 1.26, 11.85
0.39, 1.26, 11.85
0.39, 1.26, 11.85
0.39, 1.26, 11.85
0.20, 0.59, 10.94
0.20, 0.59, 10.94
0.20, 0.59, 10.94
0.20, 0.59, 10.94
0.20, 0.59, 10.94
0.20, -0.43, 10.08
0.24, -0.43, 10.08
0.24, -0.43, 10.08
0.24, -0.43, 10.08
0.24, -0.43, 10.08
0.24, 0.04, 9.38
-0.08, 0.04, 9.38
-0.08, 0.04, 9.38
-0.08, 0.04, 9.38
-0.08, 0.04, 9.38
-0.08, -0.47, 9.26
0.43, -0.47, 9.26
0.43, -0.47, 9.26
0.43, -0.47, 9.26
0.43, -0.47, 9.26
0.43, -0.16, 9.49
0.59, -0.16, 9.49
0.59, -0.16, 9.49
0.59, -0.16, 9.49
0.59, -0.16, 9.49
0.59, -0.08, 9.22
0.47, -0.08, 9.22
0.47, -0.08, 9.22
0.47, -0.08, 9.22
0.47, -0.08, 9.22
0.47, 0.04, 8.98
0.55, 0.04, 8.98
0.55, 0.04, 8.98
0.55, 0.04, 8.98
0.55, 0.04, 8.98
0.55, 0.12, 9.57
0.67, 0.12, 9.57
0.67, 0.12, 9.57
0.67, 0.12, 9.57
0.67, 0.12, 9.57
0.67, 0.16, 9.53
0.63, 0.16, 9.53
0.63, 0.16, 9.53
0.63, 0.16, 9.53
0.63, 0.16, 9.53
0.63, 0.16, 9.61
0.47, 0.31, 9.61
0.47, 0.31, 9.61
0.47, 0.31, 9.61
0.47, 0.31, 9.61
0.47, 0.31, 10.20
0.71, 0.16, 10.20
0.71, 0.16, 10.20
0.71, 0.16, 10.20
0.71, 0.16, 10.20
0.71, 0.16, 10.75
0.86, 0.27, 10.75
0.86, 0.27, 10.75
0.86, 0.27, 10.75
0.86, 0.27, 10.75
0.86, 0.27, 10.32
0.59, 0.55, 10.32
0.59, 0.55, 10.32
0.59, 0.55, 10.32
0.59, 0.55, 10.32
0.59, 0.55, 9.96
0.43, 0.35, 9.96
0.43, 0.35, 9.96
0.43, 0.35, 9.96
0.43, 0.35, 9.96
0.43, 0.35, 9.92
0.43, 0.08, 9.92
0.43, 0.08, 9.92
0.43, 0.08, 9.92
0.43, 0.08, 9.92
0.43, 0.08, 9.34
0.20, 0.00, 9.34
0.20, 0.00, 9.34
0.20, 0.00, 9.34
0.20, 0.00, 9.34
0.20, 0.00, 9.34
0.16, 0.04, 9.30
0.16, 0.04, 9.30
0.16, 0.04, 9.30
0.16, 0.04, 9.30
0.16, 0.04, 9.30
0.08, -0.31, 9.92
0.08, -0.31, 9.92
0.08, -0.31, 9.92
0.08, -0.31, 9.92
0.08, -0.31, 9.92
0.35, 0.12, 10.12
0.35, 0.12, 10.12
0.35, 0.12, 10.12
0.35, 0.12, 10.12
0.35, 0.12, 10.12
0.35, 0.20, 10.51
0.35, 0.20, 10.51
0.35, 0.20, 10.51
0.35, 0.20, 10.51
0.35, 0.20, 10.51
0.71, 0.82, 9.92
0.71, 0.82, 9.92
0.71, 0.82, 9.92
0.71, 0.82, 9.92
0.71, 0.82, 9.92
0.94, 0.51, 9.73
0.94, 0.51, 9.73
0.94, 0.51, 9.73
0.94, 0.51, 9.73
0.94, 0.51, 9.73
0.35, 0.39, 9.85
0.35, 0.39, 9.85
0.35, 0.39, 9.85
0.35, 0.39, 9.85
0.35, 0.39, 9.85
0.16, 0.12, 9.89
0.16, 0.12, 9.89
0.16, 0.12, 9.89
0.16, 0.12, 9.89
0.16, 0.12, 9.89
0.16, -1.37, 12.04
-0.08, -1.37, 12.04
-0.08, -1.37, 12.04
-0.08, -1.37, 12.04
-0.08, -1.37, 12.04
-0.08, -0.78, 11.34
0.47, -0.78, 11.34
0.47, -0.78, 11.34
0.47, -0.78, 11.34
0.47, -0.78, 11.34
0.47, -1.73, 10.51
0.90, -1.73, 10.51
0.90, -1.73, 10.51
0.90, -1.73, 10.51
0.90, -1.73, 10.51
0.90, -1.53, 10.55
0.90, -1.53, 10.55
0.90, -1.53, 10.55
0.90, -1.53, 10.55
0.90, -1.53, 10.55
0.90, -1.14, 10.63
0.71, -1.14, 10.63
0.71, -1.14, 10.63
0.71, -1.14, 10.63
0.71, -1.14, 10.63
0.71, -0.82, 11.02
0.59, -0.82, 11.02
0.59, -0.82, 11.02
0.59, -0.82, 11.02
0.59, -0.82, 11.02
0.59, -0.31, 11.14
0.47, -0.31, 11.14
0.47, -0.31, 11.14
0.47, -0.31, 11.14
0.47, -0.31, 11.14
0.47, -0.08, 11.10
0.39, -0.08, 11.10
0.39, -0.08, 11.10
0.39, -0.08, 11.10
0.39, -0.08, 11.10
0.39, 0.00, 11.30
0.24, 0.00, 11.30
0.24, 0.00, 11.30
0.24, 0.00, 11.30
0.24, 0.00, 11.30
0.24, 0.08, 11.22
0.00, 0.08, 11.22
0.00, 0.08, 11.22
0.00, 0.08, 11.22
0.00, 0.08, 11.22
0.00, 0.08, 10.83
0.00, -0.35, 10.83
0.00, -0.35, 10.83
0.00, -0.35, 10.83
0.00, -0.35, 10.83
0.00, -0.35, 10.16
0.20, -0.67, 10.16
0.20, -0.67, 10.16
0.20, -0.67, 10.16
0.20, -0.67, 10.16
0.20, -0.67, 10.00
0.47, -1.29, 10.00
0.47, -1.29, 10.00
0.47, -1.29, 10.00
0.47, -1.29, 10.00
0.47, -1.29, 9.89
0.75, -1.92, 9.89
0.75, -1.92, 9.89
0.75, -1.92, 9.89
0.75, -1.92, 9.89
0.75, -1.92, 9.81
0.71, -1.96, 9.81
0.71, -1.96, 9.81
0.71, -1.96, 9.81
0.71, -1.96, 9.81
0.71, -1.96, 10.00
0.51, -1.65, 10.00
0.51, -1.65, 10.00
0.51, -1.65, 10.00
0.51, -1.65, 10.00
0.51, -1.65, 10.20
0.35, -1.29, 10.20
0.35, -1.29, 10.20
0.35, -1.29, 10.20
0.35, -1.29, 10.20
0.35, -1.29, 10.51
0.20, -0.94, 10.51
0.20, -0.94, 10.51
0.20, -0.94, 10.51
0.20, -0.94, 10.51
0.20, -0.94, 10.63
0.08, -0.90, 10.63
0.08, -0.90, 10.63
0.08, -0.90, 10.63
0.08, -0.90, 10.63
0.08, -0.90, 10.63
0.04, -1.02, 10.20
0.04, -1.02, 10.20
0.04, -1.02, 10.20
0.04, -1.02, 10.20
0.04, -1.02, 10.20
0.12, -1.18, 9.92
0.12, -1.18, 9.92
0.12, -1.18, 9.92
0.12, -1.18, 9.92
0.12, -1.18, 9.92
0.31, -1.33, 9.65
0.31, -1.33, 9.65
0.31, -1.33, 9.65
0.31, -1.33, 9.65
0.31, -1.33, 9.65
0.47, -1.65, 9.73
0.47, -1.65, 9.73
0.47, -1.65, 9.73
0.47, -1.65, 9.73
0.47, -1.65, 9.73
0.67, -1.80, 9.69
0.67, -1.80, 9.69
0.67, -1.80, 9.69
0.67, -1.80, 9.69
0.67, -1.80, 9.69
0.71, -1.73, 9.81
0.71, -1.73, 9.81
0.71, -1.73, 9.81
0.71, -1.73, 9.81
0.71, -1.73, 9.81
0.43, -1.45, 10.16
0.43, -1.45, 10.16
0.43, -1.45, 10.16
0.43, -1.45, 10.16
0.43, -1.45, 10.16
0.12, -1.29, 10.75
0.12, -1.29, 10.75
0.12, -1.29, 10.75
0.12, -1.29, 10.75
0.12, -1.29, 10.75
-0.08, -1.06, 10.67
-0.08, -1.06, 10.67
-0.08, -1.06, 10.67
-0.08, -1.06, 10.67
-0.08, -1.06, 10.67
-0.20, -0.82, 10.32
-0.20, -0.82, 10.32
-0.20, -0.82, 10.32
-0.20, -0.82, 10.32
-0.20, -0.82, 10.32
-0.20, -0.78, 10.20
-0.20, -0.78, 10.20
-0.20, -0.78, 10.20
-0.20, -0.78, 10.20
-0.20, -0.78, 10.20
-0.20, -0.67, 10.12
-0.20, -0.67, 10.12
-0.20, -0.67, 10.12
-0.20, -0.67, 10.12
-0.20, -0.67, 10.12
-0.27, -0.63, 10.00
-0.27, -0.63, 10.00
-0.27, -0.63, 10.00
-0.27, -0.63, 10.00
-0.27, -0.63, 10.00
-0.12, -0.63, 10.00
-0.12, -0.63, 10.00
-0.12, -0.63, 10.00
-0.12, -0.63, 10.00
-0.12, -0.63, 10.00
-0.12, -0.43, 9.89
-0.12, -0.43, 9.89
-0.12, -0.43, 9.89
-0.12, -0.43, 9.89
-0.12, -0.43, 9.89
-0.27, -0.24, 9.89
-0.27, -0.24, 9.89
-0.27, -0.24, 9.89
-0.27, -0.24, 9.89
-0.27, -0.24, 9.89
-0.31, 0.00, 9.41
-0.31, 0.00, 9.41
-0.31, 0.00, 9.41
-0.31, 0.00, 9.41
-0.31, 0.00, 9.41
-0.20, 0.12, 8.98
-0.20, 0.12, 8.98
-0.20, 0.12, 8.98
-0.20, 0.12, 8.98
-0.20, 0.12, 8.98
-0.20, 0.43, 8.94
-0.04, 0.43, 8.94
-0.04, 0.43, 8.94
-0.04, 0.43, 8.94
-0.04, 0.43, 8.94
-0.04, 0.78, 8.83
0.04, 0.78, 8.83
0.04, 0.78, 8.83
0.04, 0.78, 8.83
0.04, 0.78, 8.83
0.04, 1.26, 8.87
0.16, 1.26, 8.87
0.16, 1.26, 8.87
0.16, 1.26, 8.87
0.16, 1.26, 8.87
0.16, 1.41, 9.26
0.24, 1.41, 9.26
0.24, 1.41, 9.26
0.24, 1.41, 9.26
0.24, 1.41, 9.26
0.24, 1.41, 9.81
0.31, 1.41, 9.81
0.31, 1.41, 9.81
0.31, 1.41, 9.81
0.31, 1.41, 9.81
0.31, 1.53, 9.92
0.43, 1.53, 9.92
0.43, 1.53, 9.92
0.43, 1.53, 9.92
0.43, 1.53, 9.92
0.43, 1.49, 9.89
0.55, 1.49, 9.89
0.55, 1.49, 9.89
0.55, 1.49, 9.89
0.55, 1.49, 9.89
0.55, 1.65, 9.49
0.55, 1.65, 9.49
0.55, 1.65, 9.49
0.55, 1.65, 9.49
0.55, 1.65, 9.49
0.55, 1.65, 9.14
0.75, 1.80, 9.14
0.75, 1.80, 9.14
0.75, 1.80, 9.14
0.75, 1.80, 9.14
0.75, 1.80, 8.87
0.90, 1.77, 8.87
0.90, 1.77, 8.87
0.90, 1.77, 8.87
0.90, 1.77, 8.87
0.90, 1.77, 8.71
1.02, 1.96, 8.71
1.02, 1.96, 8.71
1.02, 1.96, 8.71
1.02, 1.96, 8.71
1.02, 1.96, 8.79
1.02, 2.00, 8.79
1.02, 2.00, 8.79
1.02, 2.00, 8.79
1.02, 2.00, 8.79
1.02, 2.00, 9.02
0.94, 2.51, 9.02
0.94, 2.51, 9.02
0.94, 2.51, 9.02
0.94, 2.51, 9.02
0.94, 2.51, 9.38
0.82, 2.75, 9.38
0.82, 2.75, 9.38
0.82, 2.75, 9.38
0.82, 2.75, 9.38
0.82, 2.75, 9.38
0.90, 2.98, 9.92
0.90, 2.98, 9.92
0.90, 2.98, 9.92
0.90, 2.98, 9.92
0.90, 2.98, 9.92
0.78, 3.10, 10.08
0.78, 3.10, 10.08
0.78, 3.10, 10.08
0.78, 3.10, 10.08
0.78, 3.10, 10.08
0.63, 3.14, 10.00
0.63, 3.14, 10.00
0.63, 3.14, 10.00
0.63, 3.14, 10.00
0.63, 3.14, 10.00
0.78, 2.75, 9.69
0.78, 2.75, 9.69
0.78, 2.75, 9.69
0.78, 2.75, 9.69
0.78, 2.75, 9.69
0.94, 2.39, 9.06
0.94, 2.39, 9.06
0.94, 2.39, 9.06
0.94, 2.39, 9.06
0.94, 2.39, 9.06
1.06, 2.16, 8.55
1.06, 2.16, 8.55
1.06, 2.16, 8.55
1.06, 2.16, 8.55
1.06, 2.16, 8.55
1.22, 2.12, 8.12
1.22, 2.12, 8.12
1.22, 2.12, 8.12
1.22, 2.12, 8.12
1.22, 2.12, 8.12
1.18, 2.31, 8.00
1.18, 2.31, 8.00
1.18, 2.31, 8.00
1.18, 2.31, 8.00
1.18, 2.31, 8.00
1.18, 2.63, 8.00
1.18, 2.63, 8.00
1.18, 2.63, 8.00
1.18, 2.63, 8.00
1.18, 2.63, 8.00
1.18, 3.06, 7.96
0.94, 3.06, 7.96
0.94, 3.06, 7.96
0.94, 3.06, 7.96
0.94, 3.06, 7.96
0.94, 3.30, 7.81
0.90, 3.30, 7.81
0.90, 3.30, 7.81
0.90, 3.30, 7.81
0.90, 3.30, 7.81
0.90, 3.33, 7.41
1.02, 3.33, 7.41
1.02, 3.33, 7.41
1.02, 3.33, 7.41
1.02, 3.33, 7.41
1.02, 2.82, 6.43
1.02, 2.82, 6.43
1.02, 2.82, 6.43
1.02, 2.82, 6.43
1.02, 2.82, 6.43
1.02, 2.24, 5.37
1.33, 2.24, 5.37
1.33, 2.24, 5.37
1.33, 2.24, 5.37
1.33, 2.24, 5.37
1.33, 2.24, 4.86
1.57, 1.41, 4.86
1.57, 1.41, 4.86
1.57, 1.41, 4.86
1.57, 1.41, 4.86
1.57, 1.41, 4.82
1.77, 0.24, 4.82
1.77, 0.24, 4.82
1.77, 0.24, 4.82
1.77, 0.24, 4.82
1.77, 0.24, 5.06
1.77, -0.35, 5.06
1.77, -0.35, 5.06
1.77, -0.35, 5.06
1.77, -0.35, 5.06
1.77, -0.35, 5.49
1.65, -0.67, 5.49
1.65, -0.67, 5.49
1.65, -0.67, 5.49
1.65, -0.67, 5.49
1.65, -0.67, 5.61
1.45, -0.71, 5.61
1.45, -0.71, 5.61
1.45, -0.71, 5.61
1.45, -0.71, 5.61
1.45, -0.71, 5.41
1.22, -0.55, 5.41
1.22, -0.55, 5.41
1.22, -0.55, 5.41
1.22, -0.55, 5.41
1.22, -0.55, 5.06
1.18, -0.24, 5.06
1.18, -0.24, 5.06
1.18, -0.24, 5.06
1.18, -0.24, 5.06
1.18, -0.24, 4.63
0.82, 0.39, 4.63
0.82, 0.39, 4.63
0.82, 0.39, 4.63
0.82, 0.39, 4.63
0.82, 0.39, 4.71
0.86, 0.90, 4.71
0.86, 0.90, 4.71
0.86, 0.90, 4.71
0.86, 0.90, 4.71
0.86, 0.90, 4.71
1.26, 0.94, 6.00
1.26, 0.94, 6.00
1.26, 0.94, 6.00
1.26, 0.94, 6.00
1.26, 0.94, 6.00
1.45, 0.90, 7.30
1.45, 0.90, 7.30
1.45, 0.90, 7.30
1.45, 0.90, 7.30
1.45, 0.90, 7.30
1.10, 0.98, 8.63
1.10, 0.98, 8.63
1.10, 0.98, 8.63
1.10, 0.98, 8.63
1.10, 0.98, 8.63
0.51, 0.71, 9.30
0.51, 0.71, 9.30
0.51, 0.71, 9.30
0.51, 0.71, 9.30
0.51, 0.71, 9.30
0.35, -0.12, 9.34
0.35, -0.12, 9.34
0.35, -0.12, 9.34
0.35, -0.12, 9.34
0.35, -0.12, 9.34
0.71, -1.26, 8.16
0.71, -1.26, 8.16
0.71, -1.26, 8.16
0.71, -1.26, 8.16
0.71, -1.26, 8.16
1.14, -1.84, 6.71
1.14, -1.84, 6.71
1.14, -1.84, 6.71
1.14, -1.84, 6.71
1.14, -1.84, 6.71
1.33, -1.45, 5.22
1.33, -1.45, 5.22
1.33, -1.45, 5.22
1.33, -1.45, 5.22
1.33, -1.45, 5.22
1.33, -0.63, 4.98
1.37, -0.63, 4.98
1.37, -0.63, 4.98
1.37, -0.63, 4.98
1.37, -0.63, 4.98
1.37, 0.31, 5.96
1.02, 0.31, 5.96
1.02, 0.31, 5.96
1.02, 0.31, 5.96
1.02, 0.31, 5.96
1.02, 1.02, 7.69
0.35, 1.02, 7.69
0.35, 1.02, 7.69
0.35, 1.02, 7.69
0.35, 1.02, 7.69
0.35, 1.10, 9.77
-0.27, 1.10, 9.77
-0.27, 1.10, 9.77
-0.27, 1.10, 9.77
-0.27, 1.10, 9.77
-0.27, 0.39, 12.08
-0.98, 0.39, 12.08
-0.98, 0.39, 12.08
-0.98, 0.39, 12.08
-0.98, 0.39, 12.08
-0.98, -0.63, 12.75
-1.61, -0.63, 12.75
-1.61, -0.63, 12.75
-1.61, -0.63, 12.75
-1.61, -0.63, 12.75
-1.61, 1.26, 12.40
-0.55, 1.26, 12.40
-0.55, 1.26, 12.40
-0.55, 1.26, 12.40
-0.55, 1.26, 12.40
-0.55, -1.84, 11.14
-2.63, -1.84, 11.14
-2.63, -1.84, 11.14
-2.63, -1.84, 11.14
-2.63, -1.84, 11.14
-2.63, -1.29, 10.75
-1.33, -1.29, 10.75
-1.33, -1.29, 10.75
-1.33, -1.29, 10.75
-1.33, -1.29, 10.75
-1.33, -1.26, 10.75
-0.47, -1.26, 10.75
-0.47, -1.26, 10.75
-0.47, -1.26, 10.75
-0.47, -1.26, 10.75
-0.47, -2.12, 11.26
-0.27, -2.12, 11.26
-0.27, -2.12, 11.26
-0.27, -2.12, 11.26
-0.27, -2.12, 11.26
-0.27, -2.12, 12.43
-0.27, -1.14, 12.43
-0.27, -1.14, 12.43
-0.27, -1.14, 12.43
-0.27, -1.14, 12.43
-0.27, -1.14, 13.65
-0.94, -1.02, 13.65
-0.94, -1.02, 13.65
-0.94, -1.02, 13.65
-0.94, -1.02, 13.65
-0.94, -1.02, 13.18
-0.94, -0.43, 13.18
-0.94, -0.43, 13.18
-0.94, -0.43, 13.18
-0.94, -0.43, 13.18
-0.94, -0.43, 12.55
-0.59, -0.43, 12.55
-0.59, -0.43, 12.55
-0.59, -0.43, 12.55
-0.59, -0.43, 12.55
-0.59, -0.43, 11.89
-0.63, -1.18, 11.89
-0.63, -1.18, 11.89
-0.63, -1.18, 11.89
-0.63, -1.18, 11.89
-0.63, -1.18, 10.36
0.63, -1.33, 10.36
0.63, -1.33, 10.36
0.63, -1.33, 10.36
0.63, -1.33, 10.36
0.63, -1.33, 9.69
1.14, -0.04, 9.69
1.14, -0.04, 9.69
1.14, -0.04, 9.69
1.14, -0.04, 9.69
1.14, -0.04, 9.92
1.02, 0.31, 9.92
1.02, 0.31, 9.92
1.02, 0.31, 9.92
1.02, 0.31, 9.92
1.02, 0.31, 10.87
0.51, 0.39, 10.87
0.51, 0.39, 10.87
0.51, 0.39, 10.87
0.51, 0.39, 10.87
0.51, 0.39, 11.49
0.04, 0.39, 11.49
0.04, 0.39, 11.49
0.04, 0.39, 11.49
0.04, 0.39, 11.49
0.04, 0.39, 12.87
0.24, 0.47, 12.87
0.24, 0.47, 12.87
0.24, 0.47, 12.87
0.24, 0.47, 12.87
0.24, 0.47, 12.87
0.35, 0.20, 14.95
0.35, 0.20, 14.95
0.35, 0.20, 14.95
0.35, 0.20, 14.95
0.35, 0.20, 14.95
-0.24, 0.00, 16.20
-0.24, 0.00, 16.20
-0.24, 0.00, 16.20
-0.24, 0.00, 16.20
-0.24, 0.00, 16.20
-0.59, 0.82, 16.36
-0.59, 0.82, 16.36
-0.59, 0.82, 16.36
-0.59, 0.82, 16.36
-0.59, 0.82, 16.36
-0.82, 1.80, 16.04
-0.82, 1.80, 16.04
-0.82, 1.80, 16.04
-0.82, 1.80, 16.04
-0.82, 1.80, 16.04
-0.71, 2.31, 15.10
-0.71, 2.31, 15.10
-0.71, 2.31, 15.10
-0.71, 2.31, 15.10
-0.71, 2.31, 15.10
-0.47, 2.16, 14.16
-0.47, 2.16, 14.16
-0.47, 2.16, 14.16
-0.47, 2.16, 14.16
-0.47, 2.16, 14.16
-0.12, 2.16, 14.16
-0.12, 2.16, 14.16
-0.12, 2.16, 14.16
-0.12, 2.16, 14.16
-0.12, 2.16, 14.16
-0.08, 1.96, 14.63
-0.08, 1.96, 14.63
-0.08, 1.96, 14.63
-0.08, 1.96, 14.63
-0.08, 1.96, 14.63
-0.16, 1.77, 15.10
-0.16, 1.77, 15.10
-0.16, 1.77, 15.10
-0.16, 1.77, 15.10
-0.16, 1.77, 15.10
-0.24, 1.65, 15.42
-0.24, 1.65, 15.42
-0.24, 1.65, 15.42
-0.24, 1.65, 15.42
-0.24, 1.65, 15.42
-0.51, 2.28, 15.46
-0.51, 2.28, 15.46
-0.51, 2.28, 15.46
-0.51, 2.28, 15.46
-0.51, 2.28, 15.46
-0.51, 3.26, 15.02
-0.98, 3.26, 15.02
-0.98, 3.26, 15.02
-0.98, 3.26, 15.02
-0.98, 3.26, 15.02
-0.98, 4.16, 14.24
-1.22, 4.16, 14.24
-1.22, 4.16, 14.24
-1.22, 4.16, 14.24
-1.22, 4.16, 14.24
-1.22, 4.12, 13.49
-1.37, 4.12, 13.49
-1.37, 4.12, 13.49
-1.37, 4.12, 13.49
-1.37, 4.12, 13.49
-1.37, 4.08, 12.51
-1.06, 4.08, 12.51
-1.06, 4.08, 12.51
-1.06, 4.08, 12.51
-1.06, 4.08, 12.51
-1.06, 3.92, 11.57
-0.94, 3.92, 11.57
-0.94, 3.92, 11.57
-0.94, 3.92, 11.57
-0.94, 3.92, 11.57
-0.94, 3.41, 11.06
-1.06, 3.41, 11.06
-1.06, 3.41, 11.06
-1.06, 3.41, 11.06
-1.06, 3.41, 11.06
-1.06, 2.98, 10.51
-1.22, 2.98, 10.51
-1.22, 2.98, 10.51
-1.22, 2.98, 10.51
-1.22, 2.98, 10.51
-1.22, 2.67, 10.12
-1.29, 2.67, 10.12
-1.29, 2.67, 10.12
-1.29, 2.67, 10.12
-1.29, 2.67, 10.12
-1.29, 2.67, 11.22
-1.69, 2.67, 11.22
-1.69, 2.67, 11.22
-1.69, 2.67, 11.22
-1.69, 2.67, 11.22
-1.69, 3.14, 11.73
-1.96, 3.14, 11.73
-1.96, 3.14, 11.73
-1.96, 3.14, 11.73
-1.96, 3.14, 11.73
-1.96, 3.65, 11.73
-2.47, 3.65, 11.73
-2.47, 3.65, 11.73
-2.47, 3.65, 11.73
-2.47, 3.65, 11.73
-2.47, 3.65, 11.57
-2.39, 3.14, 11.57
-2.39, 3.14, 11.57
-2.39, 3.14, 11.57
-2.39, 3.14, 11.57
-2.39, 3.14, 11.22
-2.04, 3.30, 11.22
-2.04, 3.30, 11.22
-2.04, 3.30, 11.22
-2.04, 3.30, 11.22
-2.04, 3.30, 10.55
-1.96, 2.94, 10.55
-1.96, 2.94, 10.55
-1.96, 2.94, 10.55
-1.96, 2.94, 10.55
-1.96, 2.94, 9.96
-1.57, 2.55, 9.96
-1.57, 2.55, 9.96
-1.57, 2.55, 9.96
-1.57, 2.55, 9.96
-1.57, 2.55, 9.53
-0.90, 2.67, 9.53
-0.90, 2.67, 9.53
-0.90, 2.67, 9.53
-0.90, 2.67, 9.53
-0.90, 2.67, 9.18
-1.10, 2.08, 9.18
-1.10, 2.08, 9.18
-1.10, 2.08, 9.18
-1.10, 2.08, 9.18
-1.10, 2.08, 8.94
-1.22, 1.69, 8.94
-1.22, 1.69, 8.94
-1.22, 1.69, 8.94
-1.22, 1.69, 8.94
-1.22, 1.69, 9.45
-1.18, 1.57, 9.45
-1.18, 1.57, 9.45
-1.18, 1.57, 9.45
-1.18, 1.57, 9.45
-1.18, 1.57, 10.08
-1.29, 1.29, 10.08
-1.29, 1.29, 10.08
-1.29, 1.29, 10.08
-1.29, 1.29, 10.08
-1.29, 1.29, 10.08
-1.33, 0.78, 10.55
-1.33, 0.78, 10.55
-1.33, 0.78, 10.55
-1.33, 0.78, 10.55
-1.33, 0.78, 10.55
-1.33, 0.04, 11.18
-1.33, 0.04, 11.18
-1.33, 0.04, 11.18
-1.33, 0.04, 11.18
-1.33, 0.04, 11.18
-1.22, -0.35, 11.69
-1.22, -0.35, 11.69
-1.22, -0.35, 11.69
-1.22, -0.35, 11.69
-1.22, -0.35, 11.69
-1.10, -1.02, 11.45
-1.10, -1.02, 11.45
-1.10, -1.02, 11.45
-1.10, -1.02, 11.45
-1.10, -1.02, 11.45
-0.98, -1.33, 10.59
-0.98, -1.33, 10.59
-0.98, -1.33, 10.59
-0.98, -1.33, 10.59
-0.98, -1.33, 10.59
-0.67, -1.06, 9.81
-0.67, -1.06, 9.81
-0.67, -1.06, 9.81
-0.67, -1.06, 9.81
-0.67, -1.06, 9.81
-0.59, -1.26, 9.14
-0.59, -1.26, 9.14
-0.59, -1.26, 9.14
-0.59, -1.26, 9.14
-0.59, -1.26, 9.14
-0.51, -2.00, 8.75
-0.51, -2.00, 8.75
-0.51, -2.00, 8.75
-0.51, -2.00, 8.75
-0.51, -2.00, 8.75
-0.08, -1.80, 9.02
-0.08, -1.80, 9.02
-0.08, -1.80, 9.02
-0.08, -1.80, 9.02
-0.08, -1.80, 9.02
0.08, -2.43, 9.49
0.08, -2.43, 9.49
0.08, -2.43, 9.49
0.08, -2.43, 9.49
0.08, -2.43, 9.49
0.08, -3.06, 10.28
0.08, -3.06, 10.28
0.08, -3.06, 10.28
0.08, -3.06, 10.28
0.08, -3.06, 10.28
-0.16, -3.18, 11.02
-0.16, -3.18, 11.02
-0.16, -3.18, 11.02
-0.16, -3.18, 11.02
-0.16, -3.18, 11.02
-0.75, -3.26, 11.38
-0.75, -3.26, 11.38
-0.75, -3.26, 11.38
-0.75, -3.26, 11.38
-0.75, -3.26, 11.38
-0.90, -2.98, 11.06
-0.90, -2.98, 11.06
-0.90, -2.98, 11.06
-0.90, -2.98, 11.06
-0.90, -2.98, 11.06
-0.98, -2.75, 10.16
-0.98, -2.75, 10.16
-0.98, -2.75, 10.16
-0.98, -2.75, 10.16
-0.98, -2.75, 10.16
-0.90, -3.33, 9.41
-0.90, -3.33, 9.41
-0.90, -3.33, 9.41
-0.90, -3.33, 9.41
-0.90, -3.33, 9.41
-0.43, -4.39, 8.67
-0.43, -4.39, 8.67
-0.43, -4.39, 8.67
-0.43, -4.39, 8.67
-0.43, -4.39, 8.67
-0.24, -4.12, 8.12
-0.24, -4.12, 8.12
-0.24, -4.12, 8.12
-0.24, -4.12, 8.12
-0.24, -4.12, 8.12
-0.31, -3.84, 8.08
-0.31, -3.84, 8.08
-0.31, -3.84, 8.08
-0.31, -3.84, 8.08
-0.31, -3.84, 8.08
-0.04, -4.00, 8.47
-0.04, -4.00, 8.47
-0.04, -4.00, 8.47
-0.04, -4.00, 8.47
-0.04, -4.00, 8.47
0.00, -4.28, 8.83
0.00, -4.28, 8.83
0.00, -4.28, 8.83
0.00, -4.28, 8.83
0.00, -4.28, 8.83
-0.16, -4.55, 9.10
-0.16, -4.55, 9.10
-0.16, -4.55, 9.10
-0.16, -4.55, 9.10
-0.16, -4.55, 9.10
-0.20, -4.67, 9.14
-0.20, -4.67, 9.14
-0.20, -4.67, 9.14
-0.20, -4.67, 9.14
-0.20, -4.67, 9.14
-0.24, -4.86, 8.90
-0.24, -4.86, 8.90
-0.24, -4.86, 8.90
-0.24, -4.86, 8.90
-0.24, -4.86, 8.90
-0.39, -4.67, 8.63
-0.39, -4.67, 8.63
-0.39, -4.67, 8.63
-0.39, -4.67, 8.63
-0.39, -4.67, 8.63
-0.39, -4.08, 8.47
-0.35, -4.08, 8.47
-0.35, -4.08, 8.47
-0.35, -4.08, 8.47
-0.35, -4.08, 8.47
-0.35, -3.77, 8.71
-0.51, -3.77, 8.71
-0.51, -3.77, 8.71
-0.51, -3.77, 8.71
-0.51, -3.77, 8.71
-0.51, -3.77, 9.30
-0.94, -3.77, 9.30
-0.94, -3.77, 9.30
-0.94, -3.77, 9.30
-0.94, -3.77, 9.30
-0.94, -3.84, 10.20
-0.86, -3.84, 10.20
-0.86, -3.84, 10.20
-0.86, -3.84, 10.20
-0.86, -3.84, 10.20
-0.86, -4.47, 11.41
-0.90, -4.47, 11.41
-0.90, -4.47, 11.41
-0.90, -4.47, 11.41
-0.90, -4.47, 11.41
-0.90, -5.14, 12.59
-0.98, -5.14, 12.59
-0.98, -5.14, 12.59
-0.98, -5.14, 12.59
-0.98, -5.14, 12.59
-0.98, -5.06, 13.14
-1.57, -5.06, 13.14
-1.57, -5.06, 13.14
-1.57, -5.06, 13.14
-1.57, -5.06, 13.14
-1.57, -4.35, 13.02
-1.92, -4.35, 13.02
-1.92, -4.35, 13.02
-1.92, -4.35, 13.02
-1.92, -4.35, 13.02
-1.92, -3.73, 12.79
-1.92, -3.73, 12.79
-1.92, -3.73, 12.79
-1.92, -3.73, 12.79
-1.92, -3.73, 12.79
-1.92, -3.30, 12.63
-1.69, -3.30, 12.63
-1.69, -3.30, 12.63
-1.69, -3.30, 12.63
-1.69, -3.30, 12.63
-1.69, -3.53, 12.43
-1.22, -3.53, 12.43
-1.22, -3.53, 12.43
-1.22, -3.53, 12.43
-1.22, -3.53, 12.43
-1.22, -4.43, 12.63
-1.02, -4.43, 12.63
-1.02, -4.43, 12.63
-1.02, -4.43, 12.63
-1.02, -4.43, 12.63
-1.02, -5.10, 13.96
-1.02, -5.10, 13.96
-1.02, -5.10, 13.96
-1.02, -5.10, 13.96
-1.02, -5.10, 13.96
-1.69, -4.51, 15.81
-1.69, -4.51, 15.81
-1.69, -4.51, 15.81
-1.69, -4.51, 15.81
-1.69, -4.51, 15.81
-2.35, -2.94, 16.51
-2.35, -2.94, 16.51
-2.35, -2.94, 16.51
-2.35, -2.94, 16.51
-2.35, -2.94, 16.51
-2.71, -1.80, 16.20
-2.71, -1.80, 16.20
-2.71, -1.80, 16.20
-2.71, -1.80, 16.20
-2.71, -1.80, 16.20
-3.10, -1.02, 16.16
-3.10, -1.02, 16.16
-3.10, -1.02, 16.16
-3.10, -1.02, 16.16
-3.10, -1.02, 16.16
-3.41, -0.75, 16.59
-3.41, -0.75, 16.59
-3.41, -0.75, 16.59
-3.41, -0.75, 16.59
-3.41, -0.75, 16.59
-3.45, -1.18, 16.99
-3.45, -1.18, 16.99
-3.45, -1.18, 16.99
-3.45, -1.18, 16.99
-3.45, -1.18, 16.99
-3.14, -2.16, 16.71
-3.14, -2.16, 16.71
-3.14, -2.16, 16.71
-3.14, -2.16, 16.71
-3.14, -2.16, 16.71
-2.28, -2.43, 14.79
-2.28, -2.43, 14.79
-2.28, -2.43, 14.79
-2.28, -2.43, 14.79
-2.28, -2.43, 14.79
-1.06, -2.28, 12.71
-1.06, -2.28, 12.71
-1.06, -2.28, 12.71
-1.06, -2.28, 12.71
-1.06, -2.28, 12.71
-0.55, -2.12, 11.06
-0.55, -2.12, 11.06
-0.55, -2.12, 11.06
-0.55, -2.12, 11.06
-0.55, -2.12, 11.06
-0.67, -1.77, 10.32
-0.67, -1.77, 10.32
-0.67, -1.77, 10.32
-0.67, -1.77, 10.32
-0.67, -1.77, 10.32
-1.02, -1.22, 10.59
-1.02, -1.22, 10.59
-1.02, -1.22, 10.59
-1.02, -1.22, 10.59
-1.02, -1.22, 10.59
-1.53, -0.86, 11.18
-1.53, -0.86, 11.18
-1.53, -0.86, 11.18
-1.53, -0.86, 11.18
-1.53, -0.86, 11.18
-1.49, 0.16, 12.40
-1.49, 0.16, 12.40
-1.49, 0.16, 12.40
-1.49, 0.16, 12.40
-1.49, 0.16, 12.40
-1.73, -0.16, 13.18
-1.73, -0.16, 13.18
-1.73, -0.16, 13.18
-1.73, -0.16, 13.18
-1.73, -0.16, 13.18
-2.75, -1.14, 14.16
-2.75, -1.14, 14.16
-2.75, -1.14, 14.16
-2.75, -1.14, 14.16
-2.75, -1.14, 14.16
-2.63, -0.47, 15.02
-2.63, -0.47, 15.02
-2.63, -0.47, 15.02
-2.63, -0.47, 15.02
-2.63, -0.47, 15.02
-2.12, 0.59, 14.47
-2.12, 0.59, 14.47
-2.12, 0.59, 14.47
-2.12, 0.59, 14.47
-2.12, 0.59, 14.47
-1.41, 0.59, 13.42
-1.41, 0.59, 13.42
-1.41, 0.59, 13.42
-1.41, 0.59, 13.42
-1.41, 0.59, 13.42
-0.78, -0.16, 11.65
-0.78, -0.16, 11.65
-0.78, -0.16, 11.65
-0.78, -0.16, 11.65
-0.78, -0.16, 11.65
0.04, -1.37, 9.61
0.04, -1.37, 9.61
0.04, -1.37, 9.61
0.04, -1.37, 9.61
0.04, -1.37, 9.61
0.20, -1.33, 8.08
0.20, -1.33, 8.08
0.20, -1.33, 8.08
0.20, -1.33, 8.08
0.20, -1.33, 8.08
0.47, -1.10, 6.39
0.47, -1.10, 6.39
0.47, -1.10, 6.39
0.47, -1.10, 6.39
0.47, -1.10, 6.39
0.04, -1.10, 6.28
0.04, -1.10, 6.28
0.04, -1.10, 6.28
0.04, -1.10, 6.28
0.04, -1.10, 6.28
-0.51, -0.27, 6.79
-0.51, -0.27, 6.79
-0.51, -0.27, 6.79
-0.51, -0.27, 6.79
-0.51, -0.27, 6.79
-0.39, 0.86, 8.32
-0.39, 0.86, 8.32
-0.39, 0.86, 8.32
-0.39, 0.86, 8.32
-0.39, 0.86, 8.32
-0.39, 1.29, 8.90
-0.04, 1.29, 8.90
-0.04, 1.29, 8.90
-0.04, 1.29, 8.90
-0.04, 1.29, 8.90
-0.04, 2.00, 7.85
-0.04, 2.00, 7.85
-0.04, 2.00, 7.85
-0.04, 2.00, 7.85
-0.04, 2.00, 7.85
-0.04, 0.86, 7.02
-0.43, 0.86, 7.02
-0.43, 0.86, 7.02
-0.43, 0.86, 7.02
-0.43, 0.86, 7.02
-0.43, 0.78, 7.10
-0.67, 0.78, 7.10
-0.67, 0.78, 7.10
-0.67, 0.78, 7.10
-0.67, 0.78, 7.10
-0.67, 1.26, 7.41
0.00, 1.26, 7.41
0.00, 1.26, 7.41
0.00, 1.26, 7.41
0.00, 1.26, 7.41
0.00, 0.16, 7.14
1.37, 0.16, 7.14
1.37, 0.16, 7.14
1.37, 0.16, 7.14
1.37, 0.16, 7.14
1.37, -0.51, 6.83
1.65, -0.51, 6.83
1.65, -0.51, 6.83
1.65, -0.51, 6.83
1.65, -0.51, 6.83
1.65, 0.55, 7.06
0.86, 0.55, 7.06
0.86, 0.55, 7.06
0.86, 0.55, 7.06
0.86, 0.55, 7.06
0.86, 1.29, 6.83
0.39, 1.29, 6.83
0.39, 1.29, 6.83
0.39, 1.29, 6.83
0.39, 1.29, 6.83
0.39, 1.29, 7.30
-0.27, 1.33, 7.30
-0.27, 1.33, 7.30
-0.27, 1.33, 7.30
-0.27, 1.33, 7.30
-0.27, 1.33, 8.24
-0.16, 0.55, 8.24
-0.16, 0.55, 8.24
-0.16, 0.55, 8.24
-0.16, 0.55, 8.24
-0.16, 0.55, 8.59
0.08, -0.67, 8.59
0.08, -0.67, 8.59
0.08, -0.67, 8.59
0.08, -0.67, 8.59
0.08, -0.67, 8.59
0.00, -0.86, 8.59
0.00, -0.86, 8.59
0.00, -0.86, 8.59
0.00, -0.86, 8.59
0.00, -0.86, 8.55
0.16, -0.98, 8.55
0.16, -0.98, 8.55
0.16, -0.98, 8.55
0.16, -0.98, 8.55
0.16, -0.98, 8.08
0.39, -0.90, 8.08
0.39, -0.90, 8.08
0.39, -0.90, 8.08
0.39, -0.90, 8.08
0.39, -0.90, 7.30
-0.39, -1.14, 7.30
-0.39, -1.14, 7.30
-0.39, -1.14, 7.30
-0.39, -1.14, 7.30
-0.39, -1.14, 7.10
-0.71, -0.86, 7.10
-0.71, -0.86, 7.10
-0.71, -0.86, 7.10
-0.71, -0.86, 7.10
-0.71, -0.86, 6.79
-0.24, -0.59, 6.79
-0.24, -0.59, 6.79
-0.24, -0.59, 6.79
-0.24, -0.59, 6.79
-0.24, -0.59, 6.43
0.27, -0.08, 6.43
0.27, -0.08, 6.43
0.27, -0.08, 6.43
0.27, -0.08, 6.43
0.27, -0.08, 5.06
-0.82, -0.35, 5.06
-0.82, -0.35, 5.06
-0.82, -0.35, 5.06
-0.82, -0.35, 5.06
-0.82, -0.35, 5.06
-0.39, -0.75, 4.75
-0.39, -0.75, 4.75
-0.39, -0.75, 4.75
-0.39, -0.75, 4.75
-0.39, -0.75, 4.75
1.29, -0.08, 4.63
1.29, -0.08, 4.63
1.29, -0.08, 4.63
1.29, -0.08, 4.63
1.29, -0.08, 4.63
1.61, 1.14, 4.35
1.61, 1.14, 4.35
1.61, 1.14, 4.35
1.61, 1.14, 4.35
1.61, 1.14, 4.35
1.18, 3.26, 5.57
1.18, 3.26, 5.57
1.18, 3.26, 5.57
1.18, 3.26, 5.57
1.18, 3.26, 5.57
0.51, 3.45, 6.83
0.51, 3.45, 6.83
0.51, 3.45, 6.83
0.51, 3.45, 6.83
0.51, 3.45, 6.83
0.27, 1.65, 7.14
0.27, 1.65, 7.14
0.27, 1.65, 7.14
0.27, 1.65, 7.14
0.27, 1.65, 7.14
0.63, 0.20, 6.83
0.63, 0.20, 6.83
0.63, 0.20, 6.83
0.63, 0.20, 6.83
0.63, 0.20, 6.83
0.78, 0.04, 6.51
0.78, 0.04, 6.51
0.78, 0.04, 6.51
0.78, 0.04, 6.51
0.78, 0.04, 6.51
0.94, 0.43, 6.28
0.94, 0.43, 6.28
0.94, 0.43, 6.28
0.94, 0.43, 6.28
0.94, 0.43, 6.28
0.94, 0.39, 6.32
1.10, 0.39, 6.32
1.10, 0.39, 6.32
1.10, 0.39, 6.32
1.10, 0.39, 6.32
1.10, 0.27, 6.63
1.02, 0.27, 6.63
1.02, 0.27, 6.63
1.02, 0.27, 6.63
1.02, 0.27, 6.63
1.02, 0.47, 7.41
0.78, 0.47, 7.41
0.78, 0.47, 7.41
0.78, 0.47, 7.41
0.78, 0.47, 7.41
0.78, 0.82, 8.20
0.67, 0.82, 8.20
0.67, 0.82, 8.20
0.67, 0.82, 8.20
0.67, 0.82, 8.20
0.67, 0.94, 8.39
0.71, 0.94, 8.39
0.71, 0.94, 8.39
0.71, 0.94, 8.39
0.71, 0.94, 8.39
0.71, 0.71, 8.16
0.71, 0.71, 8.16
0.71, 0.71, 8.16
0.71, 0.71, 8.16
0.71, 0.71, 8.16
0.71, 0.90, 7.41
0.90, 0.90, 7.41
0.90, 0.90, 7.41
0.90, 0.90, 7.41
0.90, 0.90, 7.41
0.90, 0.90, 6.63
1.02, 1.41, 6.63
1.02, 1.41, 6.63
1.02, 1.41, 6.63
1.02, 1.41, 6.63
1.02, 1.41, 6.86
1.02, 1.45, 6.86
1.02, 1.45, 6.86
1.02, 1.45, 6.86
1.02, 1.45, 6.86
1.02, 1.45, 7.88
1.22, 1.37, 7.88
1.22, 1.37, 7.88
1.22, 1.37, 7.88
1.22, 1.37, 7.88
1.22, 1.37, 9.14
1.22, 0.98, 9.14
1.22, 0.98, 9.14
1.22, 0.98, 9.14
1.22, 0.98, 9.14
1.22, 0.98, 9.92
1.02, 0.12, 9.92
1.02, 0.12, 9.92
1.02, 0.12, 9.92
1.02, 0.12, 9.92
1.02, 0.12, 10.55
1.10, -0.47, 10.55
1.10, -0.47, 10.55
1.10, -0.47, 10.55
1.10, -0.47, 10.55
1.10, -0.47, 11.10
0.90, -0.47, 11.10
0.90, -0.47, 11.10
0.90, -0.47, 11.10
0.90, -0.47, 11.10
0.90, -0.47, 11.10
0.43, 0.24, 11.41
0.43, 0.24, 11.41
0.43, 0.24, 11.41
0.43, 0.24, 11.41
0.43, 0.24, 11.41
0.63, 0.35, 11.10
0.63, 0.35, 11.10
0.63, 0.35, 11.10
0.63, 0.35, 11.10
0.63, 0.35, 11.10
1.02, 0.24, 10.36
1.02, 0.24, 10.36
1.02, 0.24, 10.36
1.02, 0.24, 10.36
1.02, 0.24, 10.36
1.10, 0.24, 9.81
1.10, 0.24, 9.81
1.10, 0.24, 9.81
1.10, 0.24, 9.81
1.10, 0.24, 9.81
1.22, 0.31, 9.41
1.22, 0.31, 9.41
1.22, 0.31, 9.41
1.22, 0.31, 9.41
1.22, 0.31, 9.41
1.22, 0.04, 9.49
1.22, 0.04, 9.49
1.22, 0.04, 9.49
1.22, 0.04, 9.49
1.22, 0.04, 9.49
1.10, -0.12, 10.04
1.10, -0.12, 10.04
1.10, -0.12, 10.04
1.10, -0.12, 10.04
1.10, -0.12, 10.04
1.18, -0.24, 10.47
1.18, -0.24, 10.47
1.18, -0.24, 10.47
1.18, -0.24, 10.47
1.18, -0.24, 10.47
1.06, -0.35, 10.71
1.06, -0.35, 10.71
1.06, -0.35, 10.71
1.06, -0.35, 10.71
1.06, -0.35, 10.71
0.86, -0.16, 10.94
0.86, -0.16, 10.94
0.86, -0.16, 10.94
0.86, -0.16, 10.94
0.86, -0.16, 10.94
0.86, 0.00, 10.79
0.78, 0.00, 10.79
0.78, 0.00, 10.79
0.78, 0.00, 10.79
0.78, 0.00, 10.79
0.78, 0.35, 10.55
0.67, 0.35, 10.55
0.67, 0.35, 10.55
0.67, 0.35, 10.55
0.67, 0.35, 10.55
0.67, 0.63, 10.51
0.51, 0.63, 10.51
0.51, 0.63, 10.51
0.51, 0.63, 10.51
0.51, 0.63, 10.51
0.51, 0.90, 10.12
0.51, 0.90, 10.12
0.51, 0.90, 10.12
0.51, 0.90, 10.12
0.51, 0.90, 10.12
0.51, 0.78, 10.12
0.71, 0.78, 10.12
0.71, 0.78, 10.12
0.71, 0.78, 10.12
0.71, 0.78, 10.12
0.71, 0.35, 10.08
0.86, 0.35, 10.08
0.86, 0.35, 10.08
0.86, 0.35, 10.08
0.86, 0.35, 10.08
0.86, 0.35, 10.00
1.02, 0.20, 10.00
1.02, 0.20, 10.00
1.02, 0.20, 10.00
1.02, 0.20, 10.00
1.02, 0.20, 10.12
1.02, 0.16, 10.12
1.02, 0.16, 10.12
1.02, 0.16, 10.12
1.02, 0.16, 10.12
1.02, 0.16, 10.36
1.10, 0.12, 10.36
1.10, 0.12, 10.36
1.10, 0.12, 10.36
1.10, 0.12, 10.36
1.10, 0.12, 10.20
0.98, 0.31, 10.20
0.98, 0.31, 10.20
0.98, 0.31, 10.20
0.98, 0.31, 10.20
0.98, 0.31, 9.96
0.94, 0.55, 9.96
0.94, 0.55, 9.96
0.94, 0.55, 9.96
0.94, 0.55, 9.96
0.94, 0.55, 9.49
0.35, 0.94, 9.49
0.35, 0.94, 9.49
0.35, 0.94, 9.49
0.35, 0.94, 9.49
0.35, 0.94, 9.69
0.63, 1.49, 9.69
0.63, 1.49, 9.69
0.63, 1.49, 9.69
0.63, 1.49, 9.69
0.63, 1.49, 9.69
0.63, 1.37, 9.61
0.63, 1.37, 9.61
0.63, 1.37, 9.61
0.63, 1.37, 9.61
0.63, 1.37, 9.61
0.63, 1.33, 9.49
0.63, 1.33, 9.49
0.63, 1.33, 9.49
0.63, 1.33, 9.49
0.63, 1.33, 9.49
0.75, 1.06, 9.45
0.75, 1.06, 9.45
0.75, 1.06, 9.45
0.75, 1.06, 9.45
0.75, 1.06, 9.45
0.86, 0.55, 9.57
0.86, 0.55, 9.57
0.86, 0.55, 9.57
0.86, 0.55, 9.57
0.86, 0.55, 9.57
0.90, 0.55, 9.81
0.90, 0.55, 9.81
0.90, 0.55, 9.81
0.90, 0.55, 9.81
0.90, 0.55, 9.81
0.78, 0.67, 9.96
0.78, 0.67, 9.96
0.78, 0.67, 9.96
0.78, 0.67, 9.96
0.78, 0.67, 9.96
0.78, 0.75, 10.12
0.78, 0.75, 10.12
0.78, 0.75, 10.12
0.78, 0.75, 10.12
0.78, 0.75, 10.12
0.67, 0.75, 10.08
0.67, 0.75, 10.08
0.67, 0.75, 10.08
0.67, 0.75, 10.08
0.67, 0.75, 10.08
0.67, 0.90, 10.00
0.51, 0.90, 10.00
0.51, 0.90, 10.00
0.51, 0.90, 10.00
0.51, 0.90, 10.00
0.51, 1.14, 10.00
0.51, 1.14, 10.00
0.51, 1.14, 10.00
0.51, 1.14, 10.00
0.51, 1.14, 10.00
0.51, 1.06, 9.92
0.59, 1.06, 9.92
0.59, 1.06, 9.92
0.59, 1.06, 9.92
0.59, 1.06, 9.92
0.59, 0.86, 9.92
0.75, 0.86, 9.92
0.75, 0.86, 9.92
0.75, 0.86, 9.92
0.75, 0.86, 9.92
0.75, 0.86, 9.89
0.75, 0.86, 9.89
0.75, 0.86, 9.89
0.75, 0.86, 9.89
0.75, 0.86, 9.89
0.75, 0.71, 10.00
0.63, 0.71, 10.00
0.63, 0.71, 10.00
0.63, 0.71, 10.00
0.63, 0.71, 10.00
0.63, 0.71, 10.20
0.67, 0.71, 10.20
0.67, 0.71, 10.20
0.67, 0.71, 10.20
0.67, 0.71, 10.20
0.67, 0.71, 10.40
0.71, 0.75, 10.40
0.71, 0.75, 10.40
0.71, 0.75, 10.40
0.71, 0.75, 10.40
0.71, 0.75, 10.55
0.63, 0.75, 10.55
0.63, 0.75, 10.55
0.63, 0.75, 10.55
0.63, 0.75, 10.55
0.63, 0.75, 10.67
0.55, 0.82, 10.67
0.55, 0.82, 10.67
0.55, 0.82, 10.67
0.55, 0.82, 10.67
0.55, 0.82, 10.51
0.47, 0.59, 10.51
0.47, 0.59, 10.51
0.47, 0.59, 10.51
0.47, 0.59, 10.51
0.47, 0.59, 10.24
0.55, 0.59, 10.24
0.55, 0.59, 10.24
0.55, 0.59, 10.24
0.55, 0.59, 10.24
0.55, 0.59, 10.08
0.63, 0.71, 10.08
0.63, 0.71, 10.08
0.63, 0.71, 10.08
0.63, 0.71, 10.08
0.63, 0.71, 10.08
0.59, 0.82, 9.92
0.59, 0.82, 9.92
0.59, 0.82, 9.92
0.59, 0.82, 9.92
0.59, 0.82, 9.92
0.71, 1.02, 9.85
0.71, 1.02, 9.85
0.71, 1.02, 9.85
0.71, 1.02, 9.85
0.71, 1.02, 9.85
0.75, 1.06, 9.77
0.75, 1.06, 9.77
0.75, 1.06, 9.77
0.75, 1.06, 9.77
0.75, 1.06, 9.77
0.67, 1.22, 9.61
0.67, 1.22, 9.61
0.67, 1.22, 9.61
0.67, 1.22, 9.61
0.67, 1.22, 9.61
0.67, 1.22, 9.53
0.67, 1.22, 9.53
0.67, 1.22, 9.53
0.67, 1.22, 9.53
0.67, 1.22, 9.53
0.90, 1.06, 9.61
0.90, 1.06, 9.61
0.90, 1.06, 9.61
0.90, 1.06, 9.61
0.90, 1.06, 9.61
0.90, 0.82, 9.65
0.90, 0.82, 9.65
0.90, 0.82, 9.65
0.90, 0.82, 9.65
0.90, 0.82, 9.65
0.86, 0.78, 9.73
0.86, 0.78, 9.73
0.86, 0.78, 9.73
0.86, 0.78, 9.73
0.86, 0.78, 9.73
0.86, 0.86, 9.73
0.86, 0.86, 9.73
0.86, 0.86, 9.73
0.86, 0.86, 9.73
0.86, 0.86, 9.73
0.86, 1.06, 9.69
0.75, 1.06, 9.69
0.75, 1.06, 9.69
0.75, 1.06, 9.69
0.75, 1.06, 9.69
0.75, 1.18, 9.69
0.59, 1.18, 9.69
0.59, 1.18, 9.69
0.59, 1.18, 9.69
0.59, 1.18, 9.69
0.59, 1.18, 9.85
0.63, 1.18, 9.85
0.63, 1.18, 9.85
0.63, 1.18, 9.85
0.63, 1.18, 9.85
0.63, 0.98, 9.77
0.67, 0.98, 9.77
0.67, 0.98, 9.77
0.67, 0.98, 9.77
0.67, 0.98, 9.77
0.67, 0.82, 9.69
0.67, 0.82, 9.69
0.67, 0.82, 9.69
0.67, 0.82, 9.69
0.67, 0.82, 9.69
0.67, 0.82, 9.65
0.67, 0.90, 9.65
0.67, 0.90, 9.65
0.67, 0.90, 9.65
0.67, 0.90, 9.65
0.67, 0.90, 9.69
0.55, 1.02, 9.69
0.55, 1.02, 9.69
0.55, 1.02, 9.69
0.55, 1.02, 9.69
0.55, 1.02, 9.81
0.55, 1.14, 9.81
0.55, 1.14, 9.81
0.55, 1.14, 9.81
0.55, 1.14, 9.81
0.55, 1.14, 9.92
0.47, 1.18, 9.92
0.47, 1.18, 9.92
0.47, 1.18, 9.92
0.47, 1.18, 9.92
0.47, 1.18, 10.00
0.47, 1.18, 10.00
0.47, 1.18, 10.00
0.47, 1.18, 10.00
0.47, 1.18, 10.00
0.47, 1.18, 10.08
0.39, 0.98, 10.08
0.39, 0.98, 10.08
0.39, 0.98, 10.08
0.39, 0.98, 10.08
0.39, 0.98, 10.08
0.39, 0.82, 10.04
0.39, 0.82, 10.04
0.39, 0.82, 10.04
0.39, 0.82, 10.04
0.39, 0.82, 10.04
0.51, 0.47, 10.00
0.51, 0.47, 10.00
0.51, 0.47, 10.00
0.51, 0.47, 10.00
0.51, 0.47, 10.00
0.47, 0.47, 9.92
0.47, 0.47, 9.92
0.47, 0.47, 9.92
0.47, 0.47, 9.92
0.47, 0.47, 9.92
0.39, 0.71, 9.81
0.39, 0.71, 9.81
0.39, 0.71, 9.81
0.39, 0.71, 9.81
0.39, 0.71, 9.81
0.47, 0.59, 9.77
0.47, 0.59, 9.77
0.47, 0.59, 9.77
0.47, 0.59, 9.77
0.47, 0.59, 9.77
0.71, 0.31, 9.96
0.71, 0.31, 9.96
0.71, 0.31, 9.96
0.71, 0.31, 9.96
0.71, 0.31, 9.96
0.86, 0.43, 10.08
0.86, 0.43, 10.08
0.86, 0.43, 10.08
0.86, 0.43, 10.08
0.86, 0.43, 10.08
0.71, 0.55, 10.12
0.71, 0.55, 10.12
0.71, 0.55, 10.12
0.71, 0.55, 10.12
0.71, 0.55, 10.12
0.71, 0.35, 10.16
0.51, 0.35, 10.16
0.51, 0.35, 10.16
0.51, 0.35, 10.16
0.51, 0.35, 10.16
0.51, 0.35, 10.20
0.47, 0.35, 10.20
0.47, 0.35, 10.20
0.47, 0.35, 10.20
0.47, 0.35, 10.20
0.47, 0.47, 10.28
0.43, 0.47, 10.28
0.43, 0.47, 10.28
0.43, 0.47, 10.28
0.43, 0.47, 10.28
0.43, 0.75, 10.32
0.35, 0.75, 10.32
0.35, 0.75, 10.32
0.35, 0.75, 10.32
0.35, 0.75, 10.32
0.35, 0.90, 10.40
0.35, 0.90, 10.40
0.35, 0.90, 10.40
0.35, 0.90, 10.40
0.35, 0.90, 10.40
0.35, 0.75, 10.51
0.39, 0.75, 10.51
0.39, 0.75, 10.51
0.39, 0.75, 10.51
0.39, 0.75, 10.51
0.39, 0.55, 10.40
0.47, 0.55, 10.40
0.47, 0.55, 10.40
0.47, 0.55, 10.40
0.47, 0.55, 10.40
0.47, 0.55, 10.32
0.47, 0.63, 10.32
0.47, 0.63, 10.32
0.47, 0.63, 10.32
0.47, 0.63, 10.32
0.47, 0.63, 10.32
0.51, 0.71, 10.32
0.51, 0.71, 10.32
0.51, 0.71, 10.32
0.51, 0.71, 10.32
0.51, 0.71, 10.36
0.67, 0.59, 10.36
0.67, 0.59, 10.36
0.67, 0.59, 10.36
0.67, 0.59, 10.36
0.67, 0.59, 10.08
0.59, 0.39, 10.08
0.59, 0.39, 10.08
0.59, 0.39, 10.08
0.59, 0.39, 10.08
0.59, 0.39, 9.96
0.67, 0.31, 9.96
0.67, 0.31, 9.96
0.67, 0.31, 9.96
0.67, 0.31, 9.96
0.67, 0.31, 9.96
0.75, 0.39, 9.96
0.75, 0.39, 9.96
0.75, 0.39, 9.96
0.75, 0.39, 9.96
0.75, 0.39, 9.96
0.71, 0.51, 9.96
0.71, 0.51, 9.96
0.71, 0.51, 9.96
0.71, 0.51, 9.96
0.71, 0.51, 9.96
0.55, 0.67, 10.08
0.55, 0.67, 10.08
0.55, 0.67, 10.08
0.55, 0.67, 10.08
0.55, 0.67, 10.08
0.47, 0.55, 10.20
0.47, 0.55, 10.20
0.47, 0.55, 10.20
0.47, 0.55, 10.20
0.47, 0.55, 10.20
0.43, 0.59, 10.04
0.43, 0.59, 10.04
0.43, 0.59, 10.04
0.43, 0.59, 10.04
0.43, 0.59, 10.04
0.55, 0.71, 10.08
0.55, 0.71, 10.08
0.55, 0.71, 10.08
0.55, 0.71, 10.08
0.55, 0.71, 10.08
0.47, 0.94, 10.08
0.47, 0.94, 10.08
0.47, 0.94, 10.08
0.47, 0.94, 10.08
0.47, 0.94, 10.08
0.27, 1.22, 10.12
0.27, 1.22, 10.12
0.27, 1.22, 10.12
0.27, 1.22, 10.12
0.27, 1.22, 10.12
0.27, 1.22, 10.12
0.27, 1.22, 10.12
0.27, 1.22, 10.12
0.27, 1.22, 10.12
0.27, 1.22, 10.12
0.27, 0.86, 10.00
0.43, 0.86, 10.00
0.43, 0.86, 10.00
0.43, 0.86, 10.00
0.43, 0.86, 10.00
0.43, 0.55, 9.89
0.63, 0.55, 9.89
0.63, 0.55, 9.89
0.63, 0.55, 9.89
0.63, 0.55, 9.89
0.63, 0.47, 9.85
0.82, 0.47, 9.85
0.82, 0.47, 9.85
0.82, 0.47, 9.85
0.82, 0.47, 9.85
0.82, 0.47, 9.89
0.86, 0.47, 9.89
0.86, 0.47, 9.89
0.86, 0.47, 9.89
0.86, 0.47, 9.89
0.86, 0.55, 9.85
0.75, 0.55, 9.85
0.75, 0.55, 9.85
0.75, 0.55, 9.85
0.75, 0.55, 9.85
0.75, 0.78, 9.89
0.78, 0.78, 9.89
0.78, 0.78, 9.89
0.78, 0.78, 9.89
0.78, 0.78, 9.89
0.78, 0.98, 9.89
0.67, 0.98, 9.89
0.67, 0.98, 9.89
0.67, 0.98, 9.89
0.67, 0.98, 9.89
0.67, 0.98, 9.92
0.59, 1.02, 9.92
0.59, 1.02, 9.92
0.59, 1.02, 9.92
0.59, 1.02, 9.92
0.59, 1.02, 9.81
0.71, 0.86, 9.81
0.71, 0.86, 9.81
0.71, 0.86, 9.81
0.71, 0.86, 9.81
0.71, 0.86, 9.81
0.86, 0.51, 9.81
0.86, 0.51, 9.81
0.86, 0.51, 9.81
0.86, 0.51, 9.81
0.86, 0.51, 9.85
0.86, 0.47, 9.85
0.86, 0.47, 9.85
0.86, 0.47, 9.85
0.86, 0.47, 9.85
0.86, 0.47, 9.81
0.71, 0.75, 9.81
0.71, 0.75, 9.81
0.71, 0.75, 9.81
0.71, 0.75, 9.81
0.71, 0.75, 9.69
0.71, 0.86, 9.69
0.71, 0.86, 9.69
0.71, 0.86, 9.69
0.71, 0.86, 9.69
0.71, 0.86, 9.69
0.78, 0.90, 9.69
0.78, 0.90, 9.69
0.78, 0.90, 9.69
0.78, 0.90, 9.69
0.78, 0.90, 9.69
0.78, 0.98, 9.73
0.78, 0.98, 9.73
0.78, 0.98, 9.73
0.78, 0.98, 9.73
0.78, 0.98, 9.73
0.82, 0.94, 9.92
0.82, 0.94, 9.92
0.82, 0.94, 9.92
0.82, 0.94, 9.92
0.82, 0.94, 9.92
0.75, 0.86, 10.16
0.75, 0.86, 10.16
0.75, 0.86, 10.16
0.75, 0.86, 10.16
0.75, 0.86, 10.16
0.63, 0.75, 10.08
0.63, 0.75, 10.08
0.63, 0.75, 10.08
0.63, 0.75, 10.08
0.63, 0.75, 10.08
0.71, 0.51, 10.00
0.71, 0.51, 10.00
0.71, 0.51, 10.00
0.71, 0.51, 10.00
0.71, 0.51, 10.00
0.86, 0.51, 9.92
0.86, 0.51, 9.92
0.86, 0.51, 9.92
0.86, 0.51, 9.92
0.86, 0.51, 9.92
0.94, 0.75, 9.96
0.94, 0.75, 9.96
0.94, 0.75, 9.96
0.94, 0.75, 9.96
0.94, 0.75, 9.96
0.90, 0.94, 10.00
0.90, 0.94, 10.00
0.90, 0.94, 10.00
0.90, 0.94, 10.00
0.90, 0.94, 10.00
0.90, 1.02, 10.20
0.63, 1.02, 10.20
0.63, 1.02, 10.20
0.63, 1.02, 10.20
0.63, 1.02, 10.20
0.63, 0.78, 10.47
0.63, 0.78, 10.47
0.63, 0.78, 10.47
0.63, 0.78, 10.47
0.63, 0.78, 10.47
0.63, 0.31, 10.36
0.71, 0.31, 10.36
0.71, 0.31, 10.36
0.71, 0.31, 10.36
0.71, 0.31, 10.36
0.71, 0.39, 10.16
0.75, 0.39, 10.16
0.75, 0.39, 10.16
0.75, 0.39, 10.16
0.75, 0.39, 10.16
0.75, 0.67, 9.96
0.78, 0.67, 9.96
0.78, 0.67, 9.96
0.78, 0.67, 9.96
0.78, 0.67, 9.96
0.78, 0.75, 9.89
0.75, 0.75, 9.89
0.75, 0.75, 9.89
0.75, 0.75, 9.89
0.75, 0.75, 9.89
0.75, 0.75, 9.96
0.78, 0.94, 9.96
0.78, 0.94, 9.96
0.78, 0.94, 9.96
0.78, 0.94, 9.96
0.78, 0.94, 10.08
0.75, 0.86, 10.08
0.75, 0.86, 10.08
0.75, 0.86, 10.08
0.75, 0.86, 10.08
0.75, 0.86, 10.04
0.75, 0.67, 10.04
0.75, 0.67, 10.04
0.75, 0.67, 10.04
0.75, 0.67, 10.04
0.75, 0.67, 10.04
0.86, 0.43, 10.04
0.86, 0.43, 10.04
0.86, 0.43, 10.04
0.86, 0.43, 10.04
0.86, 0.43, 10.00
0.82, 0.35, 10.00
0.82, 0.35, 10.00
0.82, 0.35, 10.00
0.82, 0.35, 10.00
0.82, 0.35, 9.92
0.86, 0.59, 9.92
0.86, 0.59, 9.92
0.86, 0.59, 9.92
0.86, 0.59, 9.92
0.86, 0.59, 10.00
0.78, 0.71, 10.00
0.78, 0.71, 10.00
0.78, 0.71, 10.00
0.78, 0.71, 10.00
0.78, 0.71, 10.00
0.75, 1.10, 10.08
0.75, 1.10, 10.08
0.75, 1.10, 10.08
0.75, 1.10, 10.08
0.75, 1.10, 10.08
0.78, 1.10, 10.00
0.78, 1.10, 10.00
0.78, 1.10, 10.00
0.78, 1.10, 10.00
0.78, 1.10, 10.00
0.86, 0.78, 9.92
0.86, 0.78, 9.92
0.86, 0.78, 9.92
0.86, 0.78, 9.92
0.86, 0.78, 9.92
1.10, 0.35, 9.69
1.10, 0.35, 9.69
1.10, 0.35, 9.69
1.10, 0.35, 9.69
1.10, 0.35, 9.69
1.22, 0.04, 9.57
1.22, 0.04, 9.57
1.22, 0.04, 9.57
1.22, 0.04, 9.57
1.22, 0.04, 9.57
1.18, 0.08, 9.45
1.18, 0.08, 9.45
1.18, 0.08, 9.45
1.18, 0.08, 9.45
1.18, 0.08, 9.45
1.26, 0.39, 9.65
1.26, 0.39, 9.65
1.26, 0.39, 9.65
1.26, 0.39, 9.65
1.26, 0.39, 9.65
1.26, 0.75, 9.81
1.26, 0.75, 9.81
1.26, 0.75, 9.81
1.26, 0.75, 9.81
1.26, 0.75, 9.81
1.22, 0.59, 9.96
1.22, 0.59, 9.96
1.22, 0.59, 9.96
1.22, 0.59, 9.96
1.22, 0.59, 9.96
1.22, 0.31, 10.12
1.14, 0.31, 10.12
1.14, 0.31, 10.12
1.14, 0.31, 10.12
1.14, 0.31, 10.12
1.14, 0.35, 10.24
1.18, 0.35, 10.24
1.18, 0.35, 10.24
1.18, 0.35, 10.24
1.18, 0.35, 10.24
1.18, 0.35, 10.20
1.22, 0.35, 10.20
1.22, 0.35, 10.20
1.22, 0.35, 10.20
1.22, 0.35, 10.20
1.22, 0.27, 10.00
1.29, 0.27, 10.00
1.29, 0.27, 10.00
1.29, 0.27, 10.00
1.29, 0.27, 10.00
1.29, 0.08, 9.89
1.45, 0.08, 9.89
1.45, 0.08, 9.89
1.45, 0.08, 9.89
1.45, 0.08, 9.89
1.45, 0.12, 9.85
1.41, 0.12, 9.85
1.41, 0.12, 9.85
1.41, 0.12, 9.85
1.41, 0.12, 9.85
1.41, 0.47, 9.77
1.41, 0.47, 9.77
1.41, 0.47, 9.77
1.41, 0.47, 9.77
1.41, 0.47, 9.77
1.41, 0.47, 9.92
1.29, 0.82, 9.92
1.29, 0.82, 9.92
1.29, 0.82, 9.92
1.29, 0.82, 9.92
1.29, 0.82, 9.92
1.14, 0.75, 9.92
1.14, 0.75, 9.92
1.14, 0.75, 9.92
1.14, 0.75, 9.92
1.14, 0.75, 10.08
1.06, 0.63, 10.08
1.06, 0.63, 10.08
1.06, 0.63, 10.08
1.06, 0.63, 10.08
1.06, 0.63, 10.16
0.98, 0.78, 10.16
0.98, 0.78, 10.16
0.98, 0.78, 10.16
0.98, 0.78, 10.16
0.98, 0.78, 10.08
0.86, 0.94, 10.08
0.86, 0.94, 10.08
0.86, 0.94, 10.08
0.86, 0.94, 10.08
0.86, 0.94, 10.00
0.86, 1.06, 10.00
0.86, 1.06, 10.00
0.86, 1.06, 10.00
0.86, 1.06, 10.00
0.86, 1.06, 10.00
0.90, 0.94, 9.89
0.90, 0.94, 9.89
0.90, 0.94, 9.89
0.90, 0.94, 9.89
0.90, 0.94, 9.89
0.90, 0.86, 10.00
0.90, 0.86, 10.00
0.90, 0.86, 10.00
0.90, 0.86, 10.00
0.90, 0.86, 10.00
0.86, 0.75, 9.92
0.86, 0.75, 9.92
0.86, 0.75, 9.92
0.86, 0.75, 9.92
0.86, 0.75, 9.92
0.94, 0.75, 10.00
0.94, 0.75, 10.00
0.94, 0.75, 10.00
0.94, 0.75, 10.00
0.94, 0.75, 10.00
0.98, 0.86, 10.00
0.98, 0.86, 10.00
0.98, 0.86, 10.00
0.98, 0.86, 10.00
0.98, 0.86, 10.00
1.02, 0.90, 9.92
1.02, 0.90, 9.92
1.02, 0.90, 9.92
1.02, 0.90, 9.92
1.02, 0.90, 9.92
0.98, 0.94, 9.77
0.98, 0.94, 9.77
0.98, 0.94, 9.77
0.98, 0.94, 9.77
0.98, 0.94, 9.77
0.98, 0.82, 9.69
0.98, 0.82, 9.69
0.98, 0.82, 9.69
0.98, 0.82, 9.69
0.98, 0.82, 9.69
0.98, 0.90, 9.65
0.90, 0.90, 9.65
0.90, 0.90, 9.65
0.90, 0.90, 9.65
0.90, 0.90, 9.65
0.90, 0.90, 9.61
0.90, 0.90, 9.61
0.90, 0.90, 9.61
0.90, 0.90, 9.61
0.90, 0.90, 9.61
0.90, 0.86, 9.69
0.94, 0.86, 9.69
0.94, 0.86, 9.69
0.94, 0.86, 9.69
0.94, 0.86, 9.69
0.94, 0.86, 9.89
0.82, 0.86, 9.89
0.82, 0.86, 9.89
0.82, 0.86, 9.89
0.82, 0.86, 9.89
0.82, 0.98, 9.96
0.78, 0.98, 9.96
0.78, 0.98, 9.96
0.78, 0.98, 9.96
0.78, 0.98, 9.96
0.78, 1.02, 10.00
0.75, 1.02, 10.00
0.75, 1.02, 10.00
0.75, 1.02, 10.00
0.75, 1.02, 10.00
0.75, 0.94, 10.08
0.71, 0.94, 10.08
0.71, 0.94, 10.08
0.71, 0.94, 10.08
0.71, 0.94, 10.08
0.71, 0.94, 10.04
0.78, 0.78, 10.04
0.78, 0.78, 10.04
0.78, 0.78, 10.04
0.78, 0.78, 10.04
0.78, 0.78, 9.96
0.94, 0.47, 9.96
0.94, 0.47, 9.96
0.94, 0.47, 9.96
0.94, 0.47, 9.96
0.94, 0.47, 9.96
1.06, 0.39, 9.96
1.06, 0.39, 9.96
1.06, 0.39, 9.96
1.06, 0.39, 9.96
1.06, 0.39, 9.92
1.02, 0.63, 9.92
1.02, 0.63, 9.92
1.02, 0.63, 9.92
1.02, 0.63, 9.92
1.02, 0.63, 9.89
0.98, 0.67, 9.89
0.98, 0.67, 9.89
0.98, 0.67, 9.89
0.98, 0.67, 9.89
0.98, 0.67, 9.85
1.02, 0.47, 9.85
1.02, 0.47, 9.85
1.02, 0.47, 9.85
1.02, 0.47, 9.85
1.02, 0.47, 9.85
1.10, 0.24, 9.85
1.10, 0.24, 9.85
1.10, 0.24, 9.85
1.10, 0.24, 9.85
1.10, 0.24, 9.85
1.22, 0.39, 9.89
1.22, 0.39, 9.89
1.22, 0.39, 9.89
1.22, 0.39, 9.89
1.22, 0.39, 9.89
1.22, 0.47, 9.96
1.22, 0.47, 9.96
1.22, 0.47, 9.96
1.22, 0.47, 9.96
1.22, 0.47, 9.96
1.10, 0.55, 10.04
1.10, 0.55, 10.04
1.10, 0.55, 10.04
1.10, 0.55, 10.04
1.10, 0.55, 10.04
1.06, 0.55, 10.12
1.06, 0.55, 10.12
1.06, 0.55, 10.12
1.06, 0.55, 10.12
1.06, 0.55, 10.12
1.10, 0.27, 10.16
1.10, 0.27, 10.16
1.10, 0.27, 10.16
1.10, 0.27, 10.16
1.10, 0.27, 10.16
1.14, 0.16, 10.12
1.14, 0.16, 10.12
1.14, 0.16, 10.12
1.14, 0.16, 10.12
1.14, 0.16, 10.12
1.14, 0.12, 10.12
1.14, 0.12, 10.12
1.14, 0.12, 10.12
1.14, 0.12, 10.12
1.14, 0.12, 10.12
1.18, 0.31, 10.12
1.18, 0.31, 10.12
1.18, 0.31, 10.12
1.18, 0.31, 10.12
1.18, 0.31, 10.12
1.18, 0.43, 10.16
1.10, 0.43, 10.16
1.10, 0.43, 10.16
1.10, 0.43, 10.16
1.10, 0.43, 10.16
1.10, 0.63, 10.24
1.02, 0.63, 10.24
1.02, 0.63, 10.24
1.02, 0.63, 10.24
1.02, 0.63, 10.24
1.02, 0.51, 10.16
1.06, 0.51, 10.16
1.06, 0.51, 10.16
1.06, 0.51, 10.16
1.06, 0.51, 10.16
1.06, 0.16, 10.04
1.10, 0.16, 10.04
1.10, 0.16, 10.04
1.10, 0.16, 10.04
1.10, 0.16, 10.04
1.10, 0.12, 9.96
1.18, 0.12, 9.96
1.18, 0.12, 9.96
1.18, 0.12, 9.96
1.18, 0.12, 9.96
1.18, 0.31, 9.92
1.18, 0.31, 9.92
1.18, 0.31, 9.92
1.18, 0.31, 9.92
1.18, 0.31, 9.92
1.18, 0.31, 9.96
1.18, 0.43, 9.96
1.18, 0.43, 9.96
1.18, 0.43, 9.96
1.18, 0.43, 9.96
1.18, 0.43, 10.04
1.10, 0.51, 10.04
1.10, 0.51, 10.04
1.10, 0.51, 10.04
1.10, 0.51, 10.04
1.10, 0.51, 10.20
1.06, 0.59, 10.20
1.06, 0.59, 10.20
1.06, 0.59, 10.20
1.06, 0.59, 10.20
1.06, 0.59, 10.32
1.02, 0.47, 10.32
1.02, 0.47, 10.32
1.02, 0.47, 10.32
1.02, 0.47, 10.32
1.02, 0.47, 10.24
1.10, 0.31, 10.24
1.10, 0.31, 10.24
1.10, 0.31, 10.24
1.10, 0.31, 10.24
1.10, 0.31, 10.00
1.22, 0.12, 10.00
1.22, 0.12, 10.00
1.22, 0.12, 10.00
1.22, 0.12, 10.00
1.22, 0.12, 9.69
1.37, 0.20, 9.69
1.37, 0.20, 9.69
1.37, 0.20, 9.69
1.37, 0.20, 9.69
1.37, 0.20, 9.69
1.45, 0.27, 9.53
1.45, 0.27, 9.53
1.45, 0.27, 9.53
1.45, 0.27, 9.53
1.45, 0.27, 9.53
1.45, 0.27, 9.53
1.45, 0.27, 9.53
1.45, 0.27, 9.53
1.45, 0.27, 9.53
1.45, 0.27, 9.53
1.37, 0.39, 9.69
1.37, 0.39, 9.69
1.37, 0.39, 9.69
1.37, 0.39, 9.69
1.37, 0.39, 9.69
1.18, 0.39, 9.89
1.18, 0.39, 9.89
1.18, 0.39, 9.89
1.18, 0.39, 9.89
1.18, 0.39, 9.89
1.10, 0.39, 10.20
1.10, 0.39, 10.20
1.10, 0.39, 10.20
1.10, 0.39, 10.20
1.10, 0.39, 10.20
0.98, 0.59, 10.36
0.98, 0.59, 10.36
0.98, 0.59, 10.36
0.98, 0.59, 10.36
0.98, 0.59, 10.36
0.98, 0.47, 10.16
0.98, 0.47, 10.16
0.98, 0.47, 10.16
0.98, 0.47, 10.16
0.98, 0.47, 10.16
1.10, 0.39, 10.00
1.10, 0.39, 10.00
1.10, 0.39, 10.00
1.10, 0.39, 10.00
1.10, 0.39, 10.00
1.22, 0.31, 9.89
1.22, 0.31, 9.89
1.22, 0.31, 9.89
1.22, 0.31, 9.89
1.22, 0.31, 9.89
1.22, 0.31, 9.73
1.26, 0.31, 9.73
1.26, 0.31, 9.73
1.26, 0.31, 9.73
1.26, 0.31, 9.73
1.26, 0.35, 9.81
1.29, 0.35, 9.81
1.29, 0.35, 9.81
1.29, 0.35, 9.81
1.29, 0.35, 9.81
1.29, 0.24, 9.85
1.26, 0.24, 9.85
1.26, 0.24, 9.85
1.26, 0.24, 9.85
1.26, 0.24, 9.85
1.26, 0.16, 9.96
1.29, 0.16, 9.96
1.29, 0.16, 9.96
1.29, 0.16, 9.96
1.29, 0.16, 9.96
1.29, 0.16, 9.96
1.33, 0.16, 9.96
1.33, 0.16, 9.96
1.33, 0.16, 9.96
1.33, 0.16, 9.96
1.33, 0.12, 9.92
1.33, 0.12, 9.92
1.33, 0.12, 9.92
1.33, 0.12, 9.92
1.33, 0.12, 9.92
1.33, 0.16, 9.85
1.33, 0.16, 9.85
1.33, 0.16, 9.85
1.33, 0.16, 9.85
1.33, 0.16, 9.85
1.33, 0.16, 9.85
1.26, 0.12, 9.85
1.26, 0.12, 9.85
1.26, 0.12, 9.85
1.26, 0.12, 9.85
1.26, 0.12, 9.85
1.29, 0.24, 9.85
1.29, 0.24, 9.85
1.29, 0.24, 9.85
1.29, 0.24, 9.85
1.29, 0.24, 9.85
1.33, 0.20, 9.85
1.33, 0.20, 9.85
1.33, 0.20, 9.85
1.33, 0.20, 9.85
1.33, 0.20, 9.92
1.37, 0.24, 9.92
1.37, 0.24, 9.92
1.37, 0.24, 9.92
1.37, 0.24, 9.92
1.37, 0.24, 9.92
1.29, 0.27, 9.92
1.29, 0.27, 9.92
1.29, 0.27, 9.92
1.29, 0.27, 9.92
1.29, 0.27, 9.96
1.26, 0.24, 9.96
1.26, 0.24, 9.96
1.26, 0.24, 9.96
1.26, 0.24, 9.96
1.26, 0.24, 9.96
1.22, 0.20, 9.96
1.22, 0.20, 9.96
1.22, 0.20, 9.96
1.22, 0.20, 9.96
1.22, 0.20, 9.96
1.22, 0.43, 9.96
1.22, 0.43, 9.96
1.22, 0.43, 9.96
1.22, 0.43, 9.96
1.22, 0.43, 9.96
1.14, 0.43, 9.96
1.14, 0.43, 9.96
1.14, 0.43, 9.96
1.14, 0.43, 9.96
1.14, 0.43, 9.96
1.10, 0.35, 9.92
1.10, 0.35, 9.92
1.10, 0.35, 9.92
1.10, 0.35, 9.92
1.10, 0.35, 9.92
1.06, 0.31, 9.92
1.06, 0.31, 9.92
1.06, 0.31, 9.92
1.06, 0.31, 9.92
1.06, 0.31, 9.92
1.10, 0.35, 9.92
1.10, 0.35, 9.92
1.10, 0.35, 9.92
1.10, 0.35, 9.92
1.10, 0.35, 9.92
1.02, 0.51, 10.00
1.02, 0.51, 10.00
1.02, 0.51, 10.00
1.02, 0.51, 10.00
1.02, 0.51, 10.00
0.98, 0.43, 9.96
0.98, 0.43, 9.96
0.98, 0.43, 9.96
0.98, 0.43, 9.96
0.98, 0.43, 9.96
0.98, 0.20, 9.92
1.02, 0.20, 9.92
1.02, 0.20, 9.92
1.02, 0.20, 9.92
1.02, 0.20, 9.92
1.02, 0.20, 10.00
1.02, 0.20, 10.00
1.02, 0.20, 10.00
1.02, 0.20, 10.00
1.02, 0.20, 10.00
1.02, 0.35, 10.12
1.18, 0.35, 10.12
1.18, 0.35, 10.12
1.18, 0.35, 10.12
1.18, 0.35, 10.12
1.18, 0.43, 10.24
1.02, 0.43, 10.24
1.02, 0.43, 10.24
1.02, 0.43, 10.24
1.02, 0.43, 10.24
1.02, 0.35, 10.12
1.06, 0.35, 10.12
1.06, 0.35, 10.12
1.06, 0.35, 10.12
1.06, 0.35, 10.12
1.06, 0.20, 9.81
1.18, 0.20, 9.81
1.18, 0.20, 9.81
1.18, 0.20, 9.81
1.18, 0.20, 9.81
1.18, 0.20, 9.77
1.33, 0.20, 9.77
1.33, 0.20, 9.77
1.33, 0.20, 9.77
1.33, 0.20, 9.77
1.33, 0.20, 9.69
1.45, 0.39, 9.69
1.45, 0.39, 9.69
1.45, 0.39, 9.69
1.45, 0.39, 9.69
1.45, 0.39, 9.77
1.29, 0.59, 9.77
1.29, 0.59, 9.77
1.29, 0.59, 9.77
1.29, 0.59, 9.77
1.29, 0.59, 9.96
1.29, 0.63, 9.96
1.29, 0.63, 9.96
1.29, 0.63, 9.96
1.29, 0.63, 9.96
1.29, 0.63, 10.00
1.22, 0.55, 10.00
1.22, 0.55, 10.00
1.22, 0.55, 10.00
1.22, 0.55, 10.00
1.22, 0.55, 10.00
1.18, 0.55, 10.00
1.18, 0.55, 10.00
1.18, 0.55, 10.00
1.18, 0.55, 10.00
1.18, 0.55, 10.00
1.14, 0.51, 10.00
1.14, 0.51, 10.00
1.14, 0.51, 10.00
1.14, 0.51, 10.00
1.14, 0.51, 9.92
1.10, 0.67, 9.92
1.10, 0.67, 9.92
1.10, 0.67, 9.92
1.10, 0.67, 9.92
1.10, 0.67, 9.92
1.14, 0.55, 9.96
1.14, 0.55, 9.96
1.14, 0.55, 9.96
1.14, 0.55, 9.96
1.14, 0.55, 9.96
1.14, 0.39, 10.08
1.14, 0.39, 10.08
1.14, 0.39, 10.08
1.14, 0.39, 10.08
1.14, 0.39, 10.08
1.18, 0.35, 10.24
1.18, 0.35, 10.24
1.18, 0.35, 10.24
1.18, 0.35, 10.24
1.18, 0.35, 10.24
1.18, 0.35, 10.20
1.18, 0.35, 10.20
1.18, 0.35, 10.20
1.18, 0.35, 10.20
1.18, 0.35, 10.20
1.26, 0.31, 10.12
1.26, 0.31, 10.12
1.26, 0.31, 10.12
1.26, 0.31, 10.12
1.26, 0.31, 10.12
1.29, 0.24, 10.08
1.29, 0.24, 10.08
1.29, 0.24, 10.08
1.29, 0.24, 10.08
1.29, 0.24, 10.08
1.41, 0.16, 10.00
1.41, 0.16, 10.00
1.41, 0.16, 10.00
1.41, 0.16, 10.00
1.41, 0.16, 10.00
1.37, 0.04, 9.85
1.37, 0.04, 9.85
1.37, 0.04, 9.85
1.37, 0.04, 9.85
1.37, 0.04, 9.85
1.45, 0.00, 9.85
1.45, 0.00, 9.85
1.45, 0.00, 9.85
1.45, 0.00, 9.85
1.45, 0.00, 9.85
1.45, 0.08, 9.96
1.49, 0.08, 9.96
1.49, 0.08, 9.96
1.49, 0.08, 9.96
1.49, 0.08, 9.96
1.49, 0.16, 10.12
1.41, 0.16, 10.12
1.41, 0.16, 10.12
1.41, 0.16, 10.12
1.41, 0.16, 10.12
1.41, 0.27, 10.16
1.33, 0.27, 10.16
1.33, 0.27, 10.16
1.33, 0.27, 10.16
1.33, 0.27, 10.16
1.33, 0.20, 10.12
1.41, 0.20, 10.12
1.41, 0.20, 10.12
1.41, 0.20, 10.12
1.41, 0.20, 10.12
1.41, 0.08, 9.92
1.45, 0.08, 9.92
1.45, 0.08, 9.92
1.45, 0.08, 9.92
1.45, 0.08, 9.92
1.45, 0.08, 9.81
1.49, 0.08, 9.81
1.49, 0.08, 9.81
1.49, 0.08, 9.81
1.49, 0.08, 9.81
1.49, 0.08, 9.73
1.41, 0.16, 9.73
1.41, 0.16, 9.73
1.41, 0.16, 9.73
1.41, 0.16, 9.73
1.41, 0.16, 9.77
1.29, 0.24, 9.77
1.29, 0.24, 9.77
1.29, 0.24, 9.77
1.29, 0.24, 9.77
1.29, 0.24, 9.69
1.29, 0.31, 9.69
1.29, 0.31, 9.69
1.29, 0.31, 9.69
1.29, 0.31, 9.69
1.29, 0.31, 9.92
1.22, 0.43, 9.92
1.22, 0.43, 9.92
1.22, 0.43, 9.92
1.22, 0.43, 9.92
1.22, 0.43, 9.96
1.18, 0.43, 9.96
1.18, 0.43, 9.96
1.18, 0.43, 9.96
1.18, 0.43, 9.96
1.18, 0.43, 9.96
1.14, 0.39, 9.96
1.14, 0.39, 9.96
1.14, 0.39, 9.96
1.14, 0.39, 9.96
1.14, 0.39, 10.08
1.10, 0.43, 10.08
1.10, 0.43, 10.08
1.10, 0.43, 10.08
1.10, 0.43, 10.08
1.10, 0.43, 10.08
1.10, 0.55, 10.12
1.10, 0.55, 10.12
1.10, 0.55, 10.12
1.10, 0.55, 10.12
1.10, 0.55, 10.12
1.06, 0.55, 10.04
1.06, 0.55, 10.04
1.06, 0.55, 10.04
1.06, 0.55, 10.04
1.06, 0.55, 10.04
0.98, 0.59, 10.00
0.98, 0.59, 10.00
0.98, 0.59, 10.00
0.98, 0.59, 10.00
0.98, 0.59, 10.00
0.94, 0.67, 9.89
0.94, 0.67, 9.89
0.94, 0.67, 9.89
0.94, 0.67, 9.89
0.94, 0.67, 9.89
0.98, 0.71, 9.81
0.98, 0.71, 9.81
0.98, 0.71, 9.81
0.98, 0.71, 9.81
0.98, 0.71, 9.81
0.94, 0.59, 9.81
0.94, 0.59, 9.81
0.94, 0.59, 9.81
0.94, 0.59, 9.81
0.94, 0.59, 9.81
1.02, 0.47, 9.81
1.02, 0.47, 9.81
1.02, 0.47, 9.81
1.02, 0.47, 9.81
1.02, 0.47, 9.81
1.06, 0.51, 9.89
1.06, 0.51, 9.89
1.06, 0.51, 9.89
1.06, 0.51, 9.89
1.06, 0.51, 9.89
1.06, 0.55, 9.89
1.02, 0.55, 9.89
1.02, 0.55, 9.89
1.02, 0.55, 9.89
1.02, 0.55, 9.89
1.02, 0.51, 9.92
1.02, 0.51, 9.92
1.02, 0.51, 9.92
1.02, 0.51, 9.92
1.02, 0.51, 9.92
1.02, 0.43, 10.00
1.06, 0.43, 10.00
1.06, 0.43, 10.00
1.06, 0.43, 10.00
1.06, 0.43, 10.00
1.06, 0.55, 9.92
1.10, 0.55, 9.92
1.10, 0.55, 9.92
1.10, 0.55, 9.92
1.10, 0.55, 9.92
1.10, 0.55, 9.89
1.06, 0.55, 9.89
1.06, 0.55, 9.89
1.06, 0.55, 9.89
1.06, 0.55, 9.89
1.06, 0.55, 9.77
1.10, 0.55, 9.77
1.10, 0.55, 9.77
1.10, 0.55, 9.77
1.10, 0.55, 9.77
1.10, 0.47, 9.61
1.14, 0.47, 9.61
1.14, 0.47, 9.61
1.14, 0.47, 9.61
1.14, 0.47, 9.61
1.14, 0.47, 9.69
1.14, 0.39, 9.69
1.14, 0.39, 9.69
1.14, 0.39, 9.69
1.14, 0.39, 9.69
1.14, 0.39, 9.77
1.14, 0.47, 9.77
1.14, 0.47, 9.77
1.14, 0.47, 9.77
1.14, 0.47, 9.77
1.14, 0.47, 9.92
1.14, 0.43, 9.92
1.14, 0.43, 9.92
1.14, 0.43, 9.92
1.14, 0.43, 9.92
1.14, 0.43, 10.08
1.02, 0.43, 10.08
1.02, 0.43, 10.08
1.02, 0.43, 10.08
1.02, 0.43, 10.08
1.02, 0.43, 10.20
1.06, 0.35, 10.20
1.06, 0.35, 10.20
1.06, 0.35, 10.20
1.06, 0.35, 10.20
1.06, 0.35, 10.24
1.14, 0.24, 10.24
1.14, 0.24, 10.24
1.14, 0.24, 10.24
1.14, 0.24, 10.24
1.14, 0.24, 10.24
1.26, 0.08, 10.16
1.26, 0.08, 10.16
1.26, 0.08, 10.16
1.26, 0.08, 10.16
1.26, 0.08, 10.16
1.29, 0.00, 10.00
1.29, 0.00, 10.00
1.29, 0.00, 10.00
1.29, 0.00, 10.00
1.29, 0.00, 10.00
1.41, -0.04, 9.96
1.41, -0.04, 9.96
1.41, -0.04, 9.96
1.41, -0.04, 9.96
1.41, -0.04, 9.96
1.41, -0.04, 10.12
1.41, -0.04, 10.12
1.41, -0.04, 10.12
1.41, -0.04, 10.12
1.41, -0.04, 10.12
1.37, -0.04, 10.28
1.37, -0.04, 10.28
1.37, -0.04, 10.28
1.37, -0.04, 10.28
1.37, -0.04, 10.28
1.37, 0.00, 10.32
1.37, 0.00, 10.32
1.37, 0.00, 10.32
1.37, 0.00, 10.32
1.37, 0.00, 10.32
1.37, 0.00, 10.36
1.37, 0.00, 10.36
1.37, 0.00, 10.36
1.37, 0.00, 10.36
1.37, 0.00, 10.36
1.29, 0.08, 10.20
1.29, 0.08, 10.20
1.29, 0.08, 10.20
1.29, 0.08, 10.20
1.29, 0.08, 10.20
1.41, 0.16, 10.04
1.41, 0.16, 10.04
1.41, 0.16, 10.04
1.41, 0.16, 10.04
1.41, 0.16, 10.04
1.45, 0.20, 10.04
1.45, 0.20, 10.04
1.45, 0.20, 10.04
1.45, 0.20, 10.04
1.45, 0.20, 10.04
1.45, 0.24, 9.92
1.41, 0.24, 9.92
1.41, 0.24, 9.92
1.41, 0.24, 9.92
1.41, 0.24, 9.92
1.41, 0.20, 9.89
1.41, 0.20, 9.89
1.41, 0.20, 9.89
1.41, 0.20, 9.89
1.41, 0.20, 9.89
1.41, 0.39, 9.92
1.37, 0.39, 9.92
1.37, 0.39, 9.92
1.37, 0.39, 9.92
1.37, 0.39, 9.92
1.37, 0.43, 10.00
1.29, 0.43, 10.00
1.29, 0.43, 10.00
1.29, 0.43, 10.00
1.29, 0.43, 10.00
1.29, 0.47, 10.04
1.14, 0.47, 10.04
1.14, 0.47, 10.04
1.14, 0.47, 10.04
1.14, 0.47, 10.04
1.14, 0.47, 10.00
1.10, 0.47, 10.00
1.10, 0.47, 10.00
1.10, 0.47, 10.00
1.10, 0.47, 10.00
1.10, 0.47, 9.96
1.02, 0.47, 9.96
1.02, 0.47, 9.96
1.02, 0.47, 9.96
1.02, 0.47, 9.96
1.02, 0.47, 9.85
0.98, 0.63, 9.85
0.98, 0.63, 9.85
0.98, 0.63, 9.85
0.98, 0.63, 9.85
0.98, 0.63, 9.69
0.94, 0.59, 9.69
0.94, 0.59, 9.69
0.94, 0.59, 9.69
0.94, 0.59, 9.69
0.94, 0.59, 9.61
0.94, 0.63, 9.61
0.94, 0.63, 9.61
0.94, 0.63, 9.61
0.94, 0.63, 9.61
0.94, 0.63, 9.77
0.94, 0.71, 9.77
0.94, 0.71, 9.77
0.94, 0.71, 9.77
0.94, 0.71, 9.77
0.94, 0.71, 9.89
0.90, 0.78, 9.89
0.90, 0.78, 9.89
0.90, 0.78, 9.89
0.90, 0.78, 9.89
0.90, 0.78, 9.96
0.82, 0.75, 9.96
0.82, 0.75, 9.96
0.82, 0.75, 9.96
0.82, 0.75, 9.96
0.82, 0.75, 9.96
0.78, 0.63, 9.96
0.78, 0.63, 9.96
0.78, 0.63, 9.96
0.78, 0.63, 9.96
0.78, 0.63, 9.96
0.94, 0.59, 9.92
0.94, 0.59, 9.92
0.94, 0.59, 9.92
0.94, 0.59, 9.92
0.94, 0.59, 9.92
0.98, 0.51, 9.69
0.98, 0.51, 9.69
0.98, 0.51, 9.69
0.98, 0.51, 9.69
0.98, 0.51, 9.69
1.06, 0.59, 9.73
1.06, 0.59, 9.73
1.06, 0.59, 9.73
1.06, 0.59, 9.73
1.06, 0.59, 9.73
1.14, 0.55, 9.81
1.14, 0.55, 9.81
1.14, 0.55, 9.81
1.14, 0.55, 9.81
1.14, 0.55, 9.81
0.98, 0.51, 10.00
0.98, 0.51, 10.00
0.98, 0.51, 10.00
0.98, 0.51, 10.00
0.98, 0.51, 10.00
0.90, 0.55, 10.12
0.90, 0.55, 10.12
0.90, 0.55, 10.12
0.90, 0.55, 10.12
0.90, 0.55, 10.12
0.86, 0.67, 10.08
0.86, 0.67, 10.08
0.86, 0.67, 10.08
0.86, 0.67, 10.08
0.86, 0.67, 10.08
0.94, 0.75, 10.00
0.94, 0.75, 10.00
0.94, 0.75, 10.00
0.94, 0.75, 10.00
0.94, 0.75, 10.00
0.94, 0.67, 9.89
1.06, 0.67, 9.89
1.06, 0.67, 9.89
1.06, 0.67, 9.89
1.06, 0.67, 9.89
1.06, 0.55, 9.77
1.18, 0.55, 9.77
1.18, 0.55, 9.77
1.18, 0.55, 9.77
1.18, 0.55, 9.77
1.18, 0.51, 9.61
1.18, 0.51, 9.61
1.18, 0.51, 9.61
1.18, 0.51, 9.61
1.18, 0.51, 9.61
1.18, 0.51, 9.57
1.22, 0.51, 9.57
1.22, 0.51, 9.57
1.22, 0.51, 9.57
1.22, 0.51, 9.57
1.22, 0.51, 9.65
1.26, 0.51, 9.65
1.26, 0.51, 9.65
1.26, 0.51, 9.65
1.26, 0.51, 9.65
1.26, 0.59, 9.92
1.18, 0.59, 9.92
1.18, 0.59, 9.92
1.18, 0.59, 9.92
1.18, 0.59, 9.92
1.18, 0.59, 10.16
1.02, 0.63, 10.16
1.02, 0.63, 10.16
1.02, 0.63, 10.16
1.02, 0.63, 10.16
1.02, 0.63, 10.40
0.82, 0.71, 10.40
0.82, 0.71, 10.40
0.82, 0.71, 10.40
0.82, 0.71, 10.40
0.82, 0.71, 10.40
0.86, 0.59, 10.40
0.86, 0.59, 10.40
0.86, 0.59, 10.40
0.86, 0.59, 10.40
0.86, 0.59, 10.16
0.86, 0.67, 10.16
0.86, 0.67, 10.16
0.86, 0.67, 10.16
0.86, 0.67, 10.16
0.86, 0.67, 10.16
0.94, 0.59, 10.16
0.94, 0.59, 10.16
0.94, 0.59, 10.16
0.94, 0.59, 10.16
0.94, 0.59, 10.12
1.02, 0.51, 10.12
1.02, 0.51, 10.12
1.02, 0.51, 10.12
1.02, 0.51, 10.12
1.02, 0.51, 10.08
0.98, 0.47, 10.08
0.98, 0.47, 10.08
0.98, 0.47, 10.08
0.98, 0.47, 10.08
0.98, 0.47, 10.08
0.98, 0.51, 10.04
0.98, 0.51, 10.04
0.98, 0.51, 10.04
0.98, 0.51, 10.04
0.98, 0.51, 10.04
1.02, 0.43, 10.04
1.02, 0.43, 10.04
1.02, 0.43, 10.04
1.02, 0.43, 10.04
1.02, 0.43, 10.04
1.06, 0.55, 10.00
1.06, 0.55, 10.00
1.06, 0.55, 10.00
1.06, 0.55, 10.00
1.06, 0.55, 10.00
0.98, 0.67, 10.08
0.98, 0.67, 10.08
0.98, 0.67, 10.08
0.98, 0.67, 10.08
0.98, 0.67, 10.08
0.94, 0.63, 10.08
0.94, 0.63, 10.08
0.94, 0.63, 10.08
0.94, 0.63, 10.08
0.94, 0.63, 10.08
0.94, 0.47, 10.16
0.94, 0.47, 10.16
0.94, 0.47, 10.16
0.94, 0.47, 10.16
0.94, 0.47, 10.16
0.98, 0.43, 10.12
0.98, 0.43, 10.12
0.98, 0.43, 10.12
0.98, 0.43, 10.12
0.98, 0.43, 10.12
0.94, 0.59, 10.20
0.94, 0.59, 10.20
0.94, 0.59, 10.20
0.94, 0.59, 10.20
0.94, 0.59, 10.20
0.94, 0.63, 10.20
0.90, 0.63, 10.20
0.90, 0.63, 10.20
0.90, 0.63, 10.20
0.90, 0.63, 10.20
0.90, 0.67, 10.16
0.86, 0.67, 10.16
0.86, 0.67, 10.16
0.86, 0.67, 10.16
0.86, 0.67, 10.16
0.86, 0.59, 10.08
0.90, 0.59, 10.08
0.90, 0.59, 10.08
0.90, 0.59, 10.08
0.90, 0.59, 10.08
0.90, 0.47, 10.04
0.94, 0.47, 10.04
0.94, 0.47, 10.04
0.94, 0.47, 10.04
0.94, 0.47, 10.04
0.94, 0.39, 9.85
1.10, 0.39, 9.85
1.10, 0.39, 9.85
1.10, 0.39, 9.85
1.10, 0.39, 9.85
1.10, 0.39, 9.81
1.14, 0.39, 9.81
1.14, 0.39, 9.81
1.14, 0.39, 9.81
1.14, 0.39, 9.81
1.14, 0.51, 9.85
1.18, 0.51, 9.85
1.18, 0.51, 9.85
1.18, 0.51, 9.85
1.18, 0.51, 9.85
1.18, 0.51, 9.89
1.02, 0.55, 9.89
1.02, 0.55, 9.89
1.02, 0.55, 9.89
1.02, 0.55, 9.89
1.02, 0.55, 10.00
0.94, 0.71, 10.00
0.94, 0.71, 10.00
0.94, 0.71, 10.00
0.94, 0.71, 10.00
0.94, 0.71, 9.96
0.86, 0.75, 9.96
0.86, 0.75, 9.96
0.86, 0.75, 9.96
0.86, 0.75, 9.96
0.86, 0.75, 10.00
0.90, 0.63, 10.00
0.90, 0.63, 10.00
0.90, 0.63, 10.00
0.90, 0.63, 10.00
0.90, 0.63, 9.89
0.98, 0.51, 9.89
0.98, 0.51, 9.89
0.98, 0.51, 9.89
0.98, 0.51, 9.89
0.98, 0.51, 9.77
0.90, 0.55, 9.77
0.90, 0.55, 9.77
0.90, 0.55, 9.77
0.90, 0.55, 9.77
0.90, 0.55, 9.73
1.06, 0.47, 9.73
1.06, 0.47, 9.73
1.06, 0.47, 9.73
1.06, 0.47, 9.73
1.06, 0.47, 9.73
1.02, 0.55, 9.85
1.02, 0.55, 9.85
1.02, 0.55, 9.85
1.02, 0.55, 9.85
1.02, 0.55, 9.85
1.02, 0.71, 9.69
1.02, 0.71, 9.69
1.02, 0.71, 9.69
1.02, 0.71, 9.69
1.02, 0.71, 9.69
0.71, 0.98, 9.73
0.71, 0.98, 9.73
0.71, 0.98, 9.73
0.71, 0.98, 9.73
0.71, 0.98, 9.73
0.71, 1.02, 9.65
0.71, 1.02, 9.65
0.71, 1.02, 9.65
0.71, 1.02, 9.65
0.71, 1.02, 9.65
0.90, 0.78, 9.65
0.90, 0.78, 9.65
0.90, 0.78, 9.65
0.90, 0.78, 9.65
0.90, 0.78, 9.65
0.86, 0.78, 9.73
0.86, 0.78, 9.73
0.86, 0.78, 9.73
0.86, 0.78, 9.73
0.86, 0.78, 9.73
0.82, 0.75, 9.77
0.82, 0.75, 9.77
0.82, 0.75, 9.77
0.82, 0.75, 9.77
0.82, 0.75, 9.77
0.98, 0.75, 9.85
0.98, 0.75, 9.85
0.98, 0.75, 9.85
0.98, 0.75, 9.85
0.98, 0.75, 9.85
0.98, 0.63, 9.96
1.06, 0.63, 9.96
