-0.67, 1.06, 10.32
-0.67, 1.06, 10.32
-0.67, 1.06, 10.16
-0.82, 0.82, 10.16
-0.82, 0.82, 10.16
-0.82, 0.82, 10.16
-0.82, 0.82, 10.16
-0.82, 0.82, 9.96
-0.78, 0.98, 9.96
-0.78, 0.98, 9.96
-0.78, 0.98, 9.96
-0.78, 0.98, 9.96
-0.78, 0.98, 9.96
-0.67, 0.90, 9.96
-0.67, 0.90, 9.96
-0.67, 0.90, 9.96
-0.67, 0.90, 9.96
-0.67, 0.90, 10.24
-0.47, 1.14, 10.24
-0.47, 1.14, 10.24
-0.47, 1.14, 10.24
-0.47, 1.14, 10.24
-0.47, 1.14, 10.59
-0.51, 1.29, 10.59
-0.51, 1.29, 10.59
-0.51, 1.29, 10.59
-0.51, 1.29, 10.59
-0.51, 1.29, 10.59
-0.86, 1.10, 10.43
-0.86, 1.10, 10.43
-0.86, 1.10, 10.43
-0.86, 1.10, 10.43
-0.86, 1.10, 10.43
-1.02, 0.75, 9.96
-1.02, 0.75, 9.96
-1.02, 0.75, 9.96
-1.02, 0.75, 9.96
-1.02, 0.75, 9.96
-1.22, 0.71, 10.04
-1.22, 0.71, 10.04
-1.22, 0.71, 10.04
-1.22, 0.71, 10.04
-1.22, 0.71, 10.04
-0.98, 0.59, 9.96
-0.98, 0.59, 9.96
-0.98, 0.59, 9.96
-0.98, 0.59, 9.96
-0.98, 0.59, 9.96
-0.94, 0.67, 9.53
-0.94, 0.67, 9.53
-0.94, 0.67, 9.53
-0.94, 0.67, 9.53
-0.94, 0.67, 9.53
-0.71, 0.27, 9.30
-0.71, 0.27, 9.30
-0.71, 0.27, 9.30
-0.71, 0.27, 9.30
-0.71, 0.27, 9.30
-0.59, 0.71, 9.69
-0.59, 0.71, 9.69
-0.59, 0.71, 9.69
-0.59, 0.71, 9.69
-0.59, 0.71, 9.69
-0.55, 0.35, 9.41
-0.55, 0.35, 9.41
-0.55, 0.35, 9.41
-0.55, 0.35, 9.41
-0.55, 0.35, 9.41
-0.63, 0.31, 9.30
-0.63, 0.31, 9.30
-0.63, 0.31, 9.30
-0.63, 0.31, 9.30
-0.63, 0.31, 9.30
0.47, 0.31, 9.61
0.47, 0.31, 9.61
0.47, 0.31, 9.61
0.47, 0.31, 9.61
0.47, 0.31, 9.61
-0.75, 0.67, 9.38
-0.75, 0.67, 9.38
-0.75, 0.67, 9.38
-0.75, 0.67, 9.38
-0.75, 0.67, 9.38
-0.98, 1.06, 9.85
-0.98, 1.06, 9.85
-0.98, 1.06, 9.85
-0.98, 1.06, 9.85
-0.98, 1.06, 9.85
-0.20, 0.78, 10.28
-0.20, 0.78, 10.28
-0.20, 0.78, 10.28
-0.20, 0.78, 10.28
-0.20, 0.78, 10.28
-0.20, 0.82, 9.89
-0.39, 0.82, 9.89
-0.39, 0.82, 9.89
-0.39, 0.82, 9.89
-0.39, 0.82, 9.89
-0.39, 0.67, 9.73
-0.31, 0.67, 9.73
-0.31, 0.67, 9.73
-0.31, 0.67, 9.73
-0.31, 0.67, 9.73
-0.31, 0.71, 9.73
-0.35, 0.71, 9.73
-0.35, 0.71, 9.73
-0.35, 0.71, 9.73
-0.35, 0.71, 9.73
-0.35, 0.63, 9.69
-0.39, 0.63, 9.69
-0.39, 0.63, 9.69
-0.39, 0.63, 9.69
-0.39, 0.63, 9.69
-0.39, 0.63, 9.85
-0.47, 0.63, 9.85
-0.47, 0.63, 9.85
-0.47, 0.63, 9.85
-0.47, 0.63, 9.85
-0.47, 0.82, 10.24
-0.43, 0.82, 10.24
-0.43, 0.82, 10.24
-0.43, 0.82, 10.24
-0.43, 0.82, 10.24
-0.43, 0.82, 10.51
-0.71, 0.82, 10.51
-0.71, 0.82, 10.51
-0.71, 0.82, 10.51
-0.71, 0.82, 10.51
-0.71, 0.67, 10.36
-0.86, 0.67, 10.36
-0.86, 0.67, 10.36
-0.86, 0.67, 10.36
-0.86, 0.67, 10.36
-0.86, 0.63, 10.32
-0.86, 0.63, 10.32
-0.86, 0.63, 10.32
-0.86, 0.63, 10.32
-0.86, 0.63, 10.32
-0.86, 0.63, 10.28
-0.63, 0.82, 10.28
-0.63, 0.82, 10.28
-0.63, 0.82, 10.28
-0.63, 0.82, 10.28
-0.63, 0.82, 10.08
-0.39, 0.90, 10.08
-0.39, 0.90, 10.08
-0.39, 0.90, 10.08
-0.39, 0.90, 10.08
-0.39, 0.90, 10.24
-0.39, 1.06, 10.24
-0.39, 1.06, 10.24
-0.39, 1.06, 10.24
-0.39, 1.06, 10.24
-0.39, 1.06, 10.12
-0.43, 1.02, 10.12
-0.43, 1.02, 10.12
-0.43, 1.02, 10.12
-0.43, 1.02, 10.12
-0.43, 1.02, 10.04
-0.55, 1.02, 10.04
-0.55, 1.02, 10.04
-0.55, 1.02, 10.04
-0.55, 1.02, 10.04
-0.55, 1.02, 10.08
-0.63, 1.06, 10.08
-0.63, 1.06, 10.08
-0.63, 1.06, 10.08
-0.63, 1.06, 10.08
-0.63, 1.06, 10.28
-0.78, 1.10, 10.28
-0.78, 1.10, 10.28
-0.78, 1.10, 10.28
-0.78, 1.10, 10.28
-0.78, 1.10, 10.28
-0.94, 0.90, 10.28
-0.94, 0.90, 10.28
-0.94, 0.90, 10.28
-0.94, 0.90, 10.28
-0.94, 0.90, 10.08
-0.86, 0.94, 10.08
-0.86, 0.94, 10.08
-0.86, 0.94, 10.08
-0.86, 0.94, 10.08
-0.86, 0.94, 9.96
-0.90, 0.86, 9.96
-0.90, 0.86, 9.96
-0.90, 0.86, 9.96
-0.90, 0.86, 9.96
-0.90, 0.86, 9.89
-0.94, 0.90, 9.89
-0.94, 0.90, 9.89
-0.94, 0.90, 9.89
-0.94, 0.90, 9.89
-0.94, 0.90, 9.89
-0.90, 0.98, 9.96
-0.90, 0.98, 9.96
-0.90, 0.98, 9.96
-0.90, 0.98, 9.96
-0.90, 0.98, 9.96
-0.94, 0.94, 9.96
-0.94, 0.94, 9.96
-0.94, 0.94, 9.96
-0.94, 0.94, 9.96
-0.94, 0.94, 9.96
-0.82, 0.94, 9.96
-0.82, 0.94, 9.96
-0.82, 0.94, 9.96
-0.82, 0.94, 9.96
-0.82, 0.94, 9.96
-0.82, 0.98, 9.89
-0.82, 0.98, 9.89
-0.82, 0.98, 9.89
-0.82, 0.98, 9.89
-0.82, 0.98, 9.89
-0.75, 1.02, 9.89
-0.75, 1.02, 9.89
-0.75, 1.02, 9.89
-0.75, 1.02, 9.89
-0.75, 1.02, 9.89
-0.75, 0.90, 9.81
-0.75, 0.90, 9.81
-0.75, 0.90, 9.81
-0.75, 0.90, 9.81
-0.75, 0.90, 9.81
-0.82, 0.94, 9.81
-0.82, 0.94, 9.81
-0.82, 0.94, 9.81
-0.82, 0.94, 9.81
-0.82, 0.94, 9.81
-0.82, 0.90, 9.73
-0.82, 0.90, 9.73
-0.82, 0.90, 9.73
-0.82, 0.90, 9.73
-0.82, 0.90, 9.73
-0.67, 0.98, 9.61
-0.67, 0.98, 9.61
-0.67, 0.98, 9.61
-0.67, 0.98, 9.61
-0.67, 0.98, 9.61
-0.78, 0.86, 9.61
-0.78, 0.86, 9.61
-0.78, 0.86, 9.61
-0.78, 0.86, 9.61
-0.78, 0.86, 9.61
-0.82, 0.78, 9.61
-0.82, 0.78, 9.61
-0.82, 0.78, 9.61
-0.82, 0.78, 9.61
-0.82, 0.78, 9.61
-0.82, 0.90, 9.81
-0.82, 0.90, 9.81
-0.82, 0.90, 9.81
-0.82, 0.90, 9.81
-0.82, 0.90, 9.81
-0.82, 0.90, 9.89
-0.90, 0.90, 9.89
-0.90, 0.90, 9.89
-0.90, 0.90, 9.89
-0.90, 0.90, 9.89
-0.90, 0.90, 9.85
-0.82, 0.90, 9.85
-0.82, 0.90, 9.85
-0.82, 0.90, 9.85
-0.82, 0.90, 9.85
-0.82, 0.94, 9.92
-0.75, 0.94, 9.92
-0.75, 0.94, 9.92
-0.75, 0.94, 9.92
-0.75, 0.94, 9.92
-0.75, 0.94, 10.04
-0.78, 0.94, 10.04
-0.78, 0.94, 10.04
-0.78, 0.94, 10.04
-0.78, 0.94, 10.04
-0.78, 0.98, 9.96
-0.78, 0.98, 9.96
-0.78, 0.98, 9.96
-0.78, 0.98, 9.96
-0.78, 0.98, 9.96
-0.78, 0.90, 9.89
-0.75, 0.90, 9.89
-0.75, 0.90, 9.89
-0.75, 0.90, 9.89
-0.75, 0.90, 9.89
-0.75, 0.94, 9.96
-0.86, 0.94, 9.96
-0.86, 0.94, 9.96
-0.86, 0.94, 9.96
-0.86, 0.94, 9.96
-0.86, 0.90, 10.00
-0.86, 0.90, 10.00
-0.86, 0.90, 10.00
-0.86, 0.90, 10.00
-0.86, 0.90, 10.00
-0.86, 0.86, 10.08
-0.94, 0.86, 10.08
-0.94, 0.86, 10.08
-0.94, 0.86, 10.08
-0.94, 0.86, 10.08
-0.94, 0.82, 10.08
-0.86, 0.82, 10.08
-0.86, 0.82, 10.08
-0.86, 0.82, 10.08
-0.86, 0.82, 10.08
-0.86, 0.82, 10.00
-0.90, 0.86, 10.00
-0.90, 0.86, 10.00
-0.90, 0.86, 10.00
-0.90, 0.86, 10.00
-0.90, 0.86, 10.12
-0.90, 0.78, 10.12
-0.90, 0.78, 10.12
-0.90, 0.78, 10.12
-0.90, 0.78, 10.12
-0.90, 0.78, 10.08
-0.90, 0.90, 10.08
-0.90, 0.90, 10.08
-0.90, 0.90, 10.08
-0.90, 0.90, 10.08
-0.90, 0.90, 10.20
-0.90, 0.94, 10.20
-0.90, 0.94, 10.20
-0.90, 0.94, 10.20
-0.90, 0.94, 10.20
-0.90, 0.94, 10.04
-0.90, 0.90, 10.04
-0.90, 0.90, 10.04
-0.90, 0.90, 10.04
-0.90, 0.90, 10.04
-0.90, 0.90, 9.96
-0.86, 0.90, 9.96
-0.86, 0.90, 9.96
-0.86, 0.90, 9.96
-0.86, 0.90, 9.96
-0.86, 0.90, 9.85
-0.86, 0.86, 9.85
-0.86, 0.86, 9.85
-0.86, 0.86, 9.85
-0.86, 0.86, 9.85
-0.86, 0.86, 9.85
-0.86, 0.86, 9.85
-0.86, 0.86, 9.85
-0.86, 0.86, 9.85
-0.86, 0.86, 9.85
-0.86, 0.86, 9.89
-0.94, 0.78, 9.89
-0.94, 0.78, 9.89
-0.94, 0.78, 9.89
-0.94, 0.78, 9.89
-0.94, 0.78, 10.00
-0.94, 0.78, 10.00
-0.94, 0.78, 10.00
-0.94, 0.78, 10.00
-0.94, 0.78, 10.00
-0.94, 0.78, 10.00
-0.94, 0.86, 10.04
-0.94, 0.86, 10.04
-0.94, 0.86, 10.04
-0.94, 0.86, 10.04
-0.94, 0.86, 10.04
-0.86, 0.94, 10.00
-0.86, 0.94, 10.00
-0.86, 0.94, 10.00
-0.86, 0.94, 10.00
-0.86, 0.94, 10.00
-0.98, 0.94, 10.04
-0.98, 0.94, 10.04
-0.98, 0.94, 10.04
-0.98, 0.94, 10.04
-0.98, 0.94, 10.04
-0.98, 0.94, 9.92
-0.98, 0.94, 9.92
-0.98, 0.94, 9.92
-0.98, 0.94, 9.92
-0.98, 0.94, 9.92
-0.86, 0.94, 10.00
-0.86, 0.94, 10.00
-0.86, 0.94, 10.00
-0.86, 0.94, 10.00
-0.86, 0.94, 10.00
-1.02, 0.94, 10.04
-1.02, 0.94, 10.04
-1.02, 0.94, 10.04
-1.02, 0.94, 10.04
-1.02, 0.94, 10.04
-1.06, 0.86, 9.96
-1.06, 0.86, 9.96
-1.06, 0.86, 9.96
-1.06, 0.86, 9.96
-1.06, 0.86, 9.96
-0.94, 0.75, 9.89
-0.94, 0.75, 9.89
-0.94, 0.75, 9.89
-0.94, 0.75, 9.89
-0.94, 0.75, 9.89
-1.10, 0.78, 9.92
-1.10, 0.78, 9.92
-1.10, 0.78, 9.92
-1.10, 0.78, 9.92
-1.10, 0.78, 9.92
-0.82, 0.86, 9.92
-0.82, 0.86, 9.92
-0.82, 0.86, 9.92
-0.82, 0.86, 9.92
-0.82, 0.86, 9.92
-0.94, 0.82, 9.89
-0.94, 0.82, 9.89
-0.94, 0.82, 9.89
-0.94, 0.82, 9.89
-0.94, 0.82, 9.89
-0.90, 0.86, 10.00
-0.90, 0.86, 10.00
-0.90, 0.86, 10.00
-0.90, 0.86, 10.00
-0.90, 0.86, 10.00
-0.90, 0.90, 9.96
-0.82, 0.90, 9.96
-0.82, 0.90, 9.96
-0.82, 0.90, 9.96
-0.82, 0.90, 9.96
-0.82, 0.90, 9.92
-0.86, 0.90, 9.92
-0.86, 0.90, 9.92
-0.86, 0.90, 9.92
-0.86, 0.90, 9.92
-0.86, 0.90, 9.85
-0.94, 0.90, 9.85
-0.94, 0.90, 9.85
-0.94, 0.90, 9.85
-0.94, 0.90, 9.85
-0.94, 0.90, 9.96
-0.98, 0.90, 9.96
-0.98, 0.90, 9.96
-0.98, 0.90, 9.96
-0.98, 0.90, 9.96
-0.98, 0.82, 9.96
-0.98, 0.82, 9.96
-0.98, 0.82, 9.96
-0.98, 0.82, 9.96
-0.98, 0.82, 9.96
-0.98, 0.82, 9.81
-0.98, 0.82, 9.81
-0.98, 0.82, 9.81
-0.98, 0.82, 9.81
-0.98, 0.82, 9.81
-0.98, 0.86, 9.89
-0.98, 0.86, 9.89
-0.98, 0.86, 9.89
-0.98, 0.86, 9.89
-0.98, 0.86, 9.89
-0.98, 0.94, 9.96
-0.90, 0.94, 9.96
-0.90, 0.94, 9.96
-0.90, 0.94, 9.96
-0.90, 0.94, 9.96
-0.90, 1.02, 10.08
-0.98, 1.02, 10.08
-0.98, 1.02, 10.08
-0.98, 1.02, 10.08
-0.98, 1.02, 10.08
-0.98, 0.98, 10.04
-1.06, 0.98, 10.04
-1.06, 0.98, 10.04
-1.06, 0.98, 10.04
-1.06, 0.98, 10.04
-1.06, 1.02, 10.00
-0.98, 1.02, 10.00
-0.98, 1.02, 10.00
-0.98, 1.02, 10.00
-0.98, 1.02, 10.00
-0.98, 1.02, 9.92
-0.90, 1.02, 9.92
-0.90, 1.02, 9.92
-0.90, 1.02, 9.92
-0.90, 1.02, 9.92
-0.90, 1.02, 9.89
-0.90, 1.02, 9.89
-0.90, 1.02, 9.89
-0.90, 1.02, 9.89
-0.90, 1.02, 9.89
-0.90, 1.02, 9.89
-0.78, 0.94, 9.89
-0.78, 0.94, 9.89
-0.78, 0.94, 9.89
-0.78, 0.94, 9.89
-0.78, 0.94, 9.89
-0.90, 0.94, 9.89
-0.90, 0.94, 9.89
-0.90, 0.94, 9.89
-0.90, 0.94, 9.89
-0.90, 0.94, 9.96
-0.94, 0.86, 9.96
-0.94, 0.86, 9.96
-0.94, 0.86, 9.96
-0.94, 0.86, 9.96
-0.94, 0.86, 9.92
-0.90, 0.90, 9.92
-0.90, 0.90, 9.92
-0.90, 0.90, 9.92
-0.90, 0.90, 9.92
-0.90, 0.90, 9.96
-0.86, 0.86, 9.96
-0.86, 0.86, 9.96
-0.86, 0.86, 9.96
-0.86, 0.86, 9.96
-0.86, 0.86, 10.00
-1.06, 0.86, 10.00
-1.06, 0.86, 10.00
-1.06, 0.86, 10.00
-1.06, 0.86, 10.00
-1.06, 0.86, 10.04
-0.98, 0.90, 10.04
-0.98, 0.90, 10.04
-0.98, 0.90, 10.04
-0.98, 0.90, 10.04
-0.98, 0.90, 10.00
-0.98, 0.98, 10.00
-0.98, 0.98, 10.00
-0.98, 0.98, 10.00
-0.98, 0.98, 10.00
-0.98, 0.98, 10.04
-1.14, 0.86, 10.04
-1.14, 0.86, 10.04
-1.14, 0.86, 10.04
-1.14, 0.86, 10.04
-1.14, 0.86, 10.04
-1.02, 0.78, 10.04
-1.02, 0.78, 10.04
-1.02, 0.78, 10.04
-1.02, 0.78, 10.04
-1.02, 0.78, 10.04
-0.98, 0.86, 9.96
-0.98, 0.86, 9.96
-0.98, 0.86, 9.96
-0.98, 0.86, 9.96
-0.98, 0.86, 9.96
-0.86, 0.82, 9.85
-0.86, 0.82, 9.85
-0.86, 0.82, 9.85
-0.86, 0.82, 9.85
-0.86, 0.82, 9.85
-0.94, 0.78, 9.92
-0.94, 0.78, 9.92
-0.94, 0.78, 9.92
-0.94, 0.78, 9.92
-0.94, 0.78, 9.92
-0.94, 0.82, 9.77
-0.94, 0.82, 9.77
-0.94, 0.82, 9.77
-0.94, 0.82, 9.77
-0.94, 0.82, 9.77
-0.94, 0.90, 9.81
-0.94, 0.90, 9.81
-0.94, 0.90, 9.81
-0.94, 0.90, 9.81
-0.94, 0.90, 9.81
-0.94, 0.82, 9.85
-0.94, 0.82, 9.85
-0.94, 0.82, 9.85
-0.94, 0.82, 9.85
-0.94, 0.82, 9.85
-0.86, 0.86, 9.73
-0.86, 0.86, 9.73
-0.86, 0.86, 9.73
-0.86, 0.86, 9.73
-0.86, 0.86, 9.73
-0.86, 0.86, 9.85
-0.86, 0.86, 9.85
-0.86, 0.86, 9.85
-0.86, 0.86, 9.85
-0.86, 0.86, 9.85
-0.86, 0.86, 9.85
-0.86, 0.86, 9.85
-0.86, 0.86, 9.85
-0.86, 0.86, 9.85
-0.86, 0.86, 9.85
-0.86, 0.94, 9.85
-0.86, 0.94, 9.85
-0.86, 0.94, 9.85
-0.86, 0.94, 9.85
-0.86, 0.94, 9.85
-0.98, 0.90, 9.92
-0.98, 0.90, 9.92
-0.98, 0.90, 9.92
-0.98, 0.90, 9.92
-0.98, 0.90, 9.92
-0.98, 0.94, 9.96
-1.06, 0.94, 9.96
-1.06, 0.94, 9.96
-1.06, 0.94, 9.96
-1.06, 0.94, 9.96
-1.06, 0.94, 10.04
-1.06, 0.94, 10.04
-1.06, 0.94, 10.04
-1.06, 0.94, 10.04
-1.06, 0.94, 10.04
-1.06, 0.98, 9.92
-0.86, 0.98, 9.92
-0.86, 0.98, 9.92
-0.86, 0.98, 9.92
-0.86, 0.98, 9.92
-0.86, 0.94, 9.92
-0.90, 0.94, 9.92
-0.90, 0.94, 9.92
-0.90, 0.94, 9.92
-0.90, 0.94, 9.92
-0.90, 0.94, 9.92
-0.98, 0.94, 9.92
-0.98, 0.94, 9.92
-0.98, 0.94, 9.92
-0.98, 0.94, 9.92
-0.98, 0.90, 9.96
-1.02, 0.90, 9.96
-1.02, 0.90, 9.96
-1.02, 0.90, 9.96
-1.02, 0.90, 9.96
-1.02, 0.98, 9.85
-0.86, 0.98, 9.85
-0.86, 0.98, 9.85
-0.86, 0.98, 9.85
-0.86, 0.98, 9.85
-0.86, 1.02, 9.85
-0.86, 1.02, 9.85
-0.86, 1.02, 9.85
-0.86, 1.02, 9.85
-0.86, 1.02, 9.85
-0.86, 1.06, 9.89
-0.94, 1.06, 9.89
-0.94, 1.06, 9.89
-0.94, 1.06, 9.89
-0.94, 1.06, 9.89
-0.94, 1.02, 9.96
-0.94, 1.02, 9.96
-0.94, 1.02, 9.96
-0.94, 1.02, 9.96
-0.94, 1.02, 9.96
-0.94, 0.98, 9.96
-1.10, 0.98, 9.96
-1.10, 0.98, 9.96
-1.10, 0.98, 9.96
-1.10, 0.98, 9.96
-1.10, 0.98, 10.04
-1.06, 0.98, 10.04
-1.06, 0.98, 10.04
-1.06, 0.98, 10.04
-1.06, 0.98, 10.04
-1.06, 0.98, 10.00
-1.02, 1.02, 10.00
-1.02, 1.02, 10.00
-1.02, 1.02, 10.00
-1.02, 1.02, 10.00
-1.02, 1.02, 9.96
-0.98, 1.02, 9.96
-0.98, 1.02, 9.96
-0.98, 1.02, 9.96
-0.98, 1.02, 9.96
-0.98, 1.02, 9.89
-0.98, 0.94, 9.89
-0.98, 0.94, 9.89
-0.98, 0.94, 9.89
-0.98, 0.94, 9.89
-0.98, 0.94, 9.92
-1.02, 0.94, 9.92
-1.02, 0.94, 9.92
-1.02, 0.94, 9.92
-1.02, 0.94, 9.92
-1.02, 0.94, 10.00
-1.06, 0.94, 10.00
-1.06, 0.94, 10.00
-1.06, 0.94, 10.00
-1.06, 0.94, 10.00
-1.06, 0.94, 10.00
-1.06, 0.94, 10.00
-1.06, 0.94, 10.00
-1.06, 0.94, 10.00
-1.06, 0.94, 10.00
-1.06, 0.94, 10.04
-1.10, 0.94, 10.04
-1.10, 0.94, 10.04
-1.10, 0.94, 10.04
-1.10, 0.94, 10.04
-1.10, 0.94, 10.16
-1.06, 0.90, 10.16
-1.06, 0.90, 10.16
-1.06, 0.90, 10.16
-1.06, 0.90, 10.16
-1.06, 0.90, 10.20
-1.06, 0.86, 10.20
-1.06, 0.86, 10.20
-1.06, 0.86, 10.20
-1.06, 0.86, 10.20
-1.06, 0.86, 10.28
-1.10, 0.82, 10.28
-1.10, 0.82, 10.28
-1.10, 0.82, 10.28
-1.10, 0.82, 10.28
-1.10, 0.82, 10.28
-1.14, 0.86, 10.36
-1.14, 0.86, 10.36
-1.14, 0.86, 10.36
-1.14, 0.86, 10.36
-1.14, 0.86, 10.36
-1.10, 0.82, 10.20
-1.10, 0.82, 10.20
-1.10, 0.82, 10.20
-1.10, 0.82, 10.20
-1.10, 0.82, 10.20
-1.02, 0.78, 10.24
-1.02, 0.78, 10.24
-1.02, 0.78, 10.24
-1.02, 0.78, 10.24
-1.02, 0.78, 10.24
-1.06, 0.67, 10.16
-1.06, 0.67, 10.16
-1.06, 0.67, 10.16
-1.06, 0.67, 10.16
-1.06, 0.67, 10.16
-1.06, 0.43, 10.20
-1.06, 0.43, 10.20
-1.06, 0.43, 10.20
-1.06, 0.43, 10.20
-1.06, 0.43, 10.20
-1.02, 0.31, 10.36
-1.02, 0.31, 10.36
-1.02, 0.31, 10.36
-1.02, 0.31, 10.36
-1.02, 0.31, 10.36
-1.22, 0.35, 10.43
-1.22, 0.35, 10.43
-1.22, 0.35, 10.43
-1.22, 0.35, 10.43
-1.22, 0.35, 10.43
-0.98, 0.27, 10.63
-0.98, 0.27, 10.63
-0.98, 0.27, 10.63
-0.98, 0.27, 10.63
-0.98, 0.27, 10.63
-0.98, 0.20, 10.83
-0.98, 0.20, 10.83
-0.98, 0.20, 10.83
-0.98, 0.20, 10.83
-0.98, 0.20, 10.83
-0.98, 0.12, 11.10
-0.98, 0.12, 11.10
-0.98, 0.12, 11.10
-0.98, 0.12, 11.10
-0.98, 0.12, 11.10
-1.10, 0.12, 11.34
-1.10, 0.12, 11.34
-1.10, 0.12, 11.34
-1.10, 0.12, 11.34
-1.10, 0.12, 11.34
-1.14, -0.12, 11.73
-1.14, -0.12, 11.73
-1.14, -0.12, 11.73
-1.14, -0.12, 11.73
-1.14, -0.12, 11.73
-1.14, -0.08, 11.92
-1.02, -0.08, 11.92
-1.02, -0.08, 11.92
-1.02, -0.08, 11.92
-1.02, -0.08, 11.92
-1.02, -0.16, 11.92
-0.98, -0.16, 11.92
-0.98, -0.16, 11.92
-0.98, -0.16, 11.92
-0.98, -0.16, 11.92
-0.98, -0.08, 12.16
-1.02, -0.08, 12.16
-1.02, -0.08, 12.16
-1.02, -0.08, 12.16
-1.02, -0.08, 12.16
-1.02, -0.08, 12.24
-0.63, -0.08, 12.24
-0.63, -0.08, 12.24
-0.63, -0.08, 12.24
-0.63, -0.08, 12.24
-0.63, 0.12, 12.28
-0.47, 0.12, 12.28
-0.47, 0.12, 12.28
-0.47, 0.12, 12.28
-0.47, 0.12, 12.28
-0.47, -0.16, 12.63
-0.75, -0.16, 12.63
-0.75, -0.16, 12.63
-0.75, -0.16, 12.63
-0.75, -0.16, 12.63
-0.75, -0.39, 12.79
-0.86, -0.39, 12.79
-0.86, -0.39, 12.79
-0.86, -0.39, 12.79
-0.86, -0.39, 12.79
-0.86, -0.08, 13.22
-0.63, -0.08, 13.22
-0.63, -0.08, 13.22
-0.63, -0.08, 13.22
-0.63, -0.08, 13.22
-0.63, -0.31, 13.73
-0.90, -0.31, 13.73
-0.90, -0.31, 13.73
-0.90, -0.31, 13.73
-0.90, -0.31, 13.73
-0.90, -0.27, 13.81
-0.94, -0.27, 13.81
-0.94, -0.27, 13.81
-0.94, -0.27, 13.81
-0.94, -0.27, 13.81
-0.94, -0.39, 13.73
-0.82, -0.39, 13.73
-0.82, -0.39, 13.73
-0.82, -0.39, 13.73
-0.82, -0.39, 13.73
-0.82, -0.51, 13.45
-0.86, -0.51, 13.45
-0.86, -0.51, 13.45
-0.86, -0.51, 13.45
-0.86, -0.51, 13.45
-0.86, -3.41, 12.71
-1.96, -3.41, 12.71
-1.96, -3.41, 12.71
-1.96, -3.41, 12.71
-1.96, -3.41, 12.71
-1.96, 0.39, 13.34
-0.78, 0.39, 13.34
-0.78, 0.39, 13.34
-0.78, 0.39, 13.34
-0.78, 0.39, 13.34
-0.78, -0.35, 12.59
-0.39, -0.35, 12.59
-0.39, -0.35, 12.59
-0.39, -0.35, 12.59
-0.39, -0.35, 12.59
-0.39, -0.24, 12.83
-0.63, -0.24, 12.83
-0.63, -0.24, 12.83
-0.63, -0.24, 12.83
-0.63, -0.24, 12.83
-0.63, -0.55, 13.34
-1.29, -0.55, 13.34
-1.29, -0.55, 13.34
-1.29, -0.55, 13.34
-1.29, -0.55, 13.34
-1.29, -0.59, 12.67
-0.47, -0.59, 12.67
-0.47, -0.59, 12.67
-0.47, -0.59, 12.67
-0.47, -0.59, 12.67
-0.47, -0.59, 12.36
-0.90, -0.59, 12.36
-0.90, -0.59, 12.36
-0.90, -0.59, 12.36
-0.90, -0.59, 12.36
-0.90, -0.51, 12.43
-0.94, -0.51, 12.43
-0.94, -0.51, 12.43
-0.94, -0.51, 12.43
-0.94, -0.51, 12.43
-0.94, -0.47, 12.08
-0.78, -0.47, 12.08
-0.78, -0.47, 12.08
-0.78, -0.47, 12.08
-0.78, -0.47, 12.08
-0.78, -0.20, 11.49
-0.71, -0.20, 11.49
-0.71, -0.20, 11.49
-0.71, -0.20, 11.49
-0.71, -0.20, 11.49
-0.71, -0.12, 10.94
-0.71, -0.12, 10.94
-0.71, -0.12, 10.94
-0.71, -0.12, 10.94
-0.71, -0.12, 10.94
-0.71, -0.12, 10.87
-0.43, -0.12, 10.87
-0.43, -0.12, 10.87
-0.43, -0.12, 10.87
-0.43, -0.12, 10.87
-0.43, -0.12, 10.43
-0.55, -0.12, 10.43
-0.55, -0.12, 10.43
-0.55, -0.12, 10.43
-0.55, -0.12, 10.43
-0.55, -0.43, 10.04
-1.26, -0.43, 10.04
-1.26, -0.43, 10.04
-1.26, -0.43, 10.04
-1.26, -0.43, 10.04
-1.26, 0.00, 10.28
-0.90, 0.00, 10.28
-0.90, 0.00, 10.28
-0.90, 0.00, 10.28
-0.90, 0.00, 10.28
-0.90, 0.08, 11.38
-0.78, 0.08, 11.38
-0.78, 0.08, 11.38
-0.78, 0.08, 11.38
-0.78, 0.08, 11.38
-0.78, 0.00, 11.49
-1.02, 0.00, 11.49
-1.02, 0.00, 11.49
-1.02, 0.00, 11.49
-1.02, 0.00, 11.49
-1.02, 0.16, 11.49
-1.14, 0.16, 11.49
-1.14, 0.16, 11.49
-1.14, 0.16, 11.49
-1.14, 0.16, 11.49
-1.14, 0.12, 11.06
-1.14, 0.12, 11.06
-1.14, 0.12, 11.06
-1.14, 0.12, 11.06
-1.14, 0.12, 11.06
-1.14, 0.08, 10.28
-0.78, 0.08, 10.28
-0.78, 0.08, 10.28
-0.78, 0.08, 10.28
-0.78, 0.08, 10.28
-0.78, 0.16, 9.57
-0.59, 0.16, 9.57
-0.59, 0.16, 9.57
-0.59, 0.16, 9.57
-0.59, 0.16, 9.57
-0.59, 0.24, 9.06
-0.51, 0.24, 9.06
-0.51, 0.24, 9.06
-0.51, 0.24, 9.06
-0.51, 0.24, 9.06
-0.51, 0.16, 8.79
-0.39, 0.16, 8.79
-0.39, 0.16, 8.79
-0.39, 0.16, 8.79
-0.39, 0.16, 8.79
-0.39, 0.08, 8.94
-0.63, 0.08, 8.94
-0.63, 0.08, 8.94
-0.63, 0.08, 8.94
-0.63, 0.08, 8.94
-0.63, 0.08, 9.22
-0.59, 0.00, 9.22
-0.59, 0.00, 9.22
-0.59, 0.00, 9.22
-0.59, 0.00, 9.22
-0.59, 0.00, 9.41
-0.55, -0.08, 9.41
-0.55, -0.08, 9.41
-0.55, -0.08, 9.41
-0.55, -0.08, 9.41
-0.55, -0.08, 9.57
-0.63, -0.04, 9.57
-0.63, -0.04, 9.57
-0.63, -0.04, 9.57
-0.63, -0.04, 9.57
-0.63, -0.04, 9.65
-0.55, 0.16, 9.65
-0.55, 0.16, 9.65
-0.55, 0.16, 9.65
-0.55, 0.16, 9.65
-0.55, 0.16, 9.61
-0.39, 0.12, 9.61
-0.39, 0.12, 9.61
-0.39, 0.12, 9.61
-0.39, 0.12, 9.61
-0.39, 0.12, 9.26
-0.27, 0.24, 9.26
-0.27, 0.24, 9.26
-0.27, 0.24, 9.26
-0.27, 0.24, 9.26
-0.27, 0.24, 9.14
-0.31, 0.04, 9.14
-0.31, 0.04, 9.14
-0.31, 0.04, 9.14
-0.31, 0.04, 9.14
-0.31, 0.04, 8.90
-0.39, -0.04, 8.90
-0.39, -0.04, 8.90
-0.39, -0.04, 8.90
-0.39, -0.04, 8.90
-0.39, -0.04, 8.59
-0.67, -0.16, 8.59
-0.67, -0.16, 8.59
-0.67, -0.16, 8.59
-0.67, -0.16, 8.59
-0.67, -0.16, 8.67
-0.47, 0.00, 8.67
-0.47, 0.00, 8.67
-0.47, 0.00, 8.67
-0.47, 0.00, 8.67
-0.47, 0.00, 8.67
-0.24, 0.08, 8.67
-0.24, 0.08, 8.67
-0.24, 0.08, 8.67
-0.24, 0.08, 8.67
-0.24, 0.08, 8.59
0.08, 0.24, 8.59
0.08, 0.24, 8.59
0.08, 0.24, 8.59
0.08, 0.24, 8.59
0.08, 0.24, 8.59
0.35, 0.39, 8.59
0.35, 0.39, 8.59
0.35, 0.39, 8.59
0.35, 0.39, 8.59
0.35, 0.39, 8.59
0.43, 0.47, 8.67
0.43, 0.47, 8.67
0.43, 0.47, 8.67
0.43, 0.47, 8.67
0.43, 0.47, 8.67
0.12, 0.67, 8.94
0.12, 0.67, 8.94
0.12, 0.67, 8.94
0.12, 0.67, 8.94
0.12, 0.67, 8.94
0.12, 0.71, 8.83
0.12, 0.71, 8.83
0.12, 0.71, 8.83
0.12, 0.71, 8.83
0.12, 0.71, 8.83
0.24, 0.90, 8.43
0.24, 0.90, 8.43
0.24, 0.90, 8.43
0.24, 0.90, 8.43
0.24, 0.90, 8.43
0.59, 1.06, 7.53
0.59, 1.06, 7.53
0.59, 1.06, 7.53
0.59, 1.06, 7.53
0.59, 1.06, 7.53
1.02, 1.06, 7.30
1.02, 1.06, 7.30
1.02, 1.06, 7.30
1.02, 1.06, 7.30
1.02, 1.06, 7.30
1.14, 1.10, 7.30
1.14, 1.10, 7.30
1.14, 1.10, 7.30
1.14, 1.10, 7.30
1.14, 1.10, 7.30
1.14, 1.14, 7.30
1.14, 1.14, 7.30
1.14, 1.14, 7.30
1.14, 1.14, 7.30
1.14, 1.14, 7.30
1.14, 1.29, 7.37
0.98, 1.29, 7.37
0.98, 1.29, 7.37
0.98, 1.29, 7.37
0.98, 1.29, 7.37
0.98, 1.53, 7.02
1.02, 1.53, 7.02
1.02, 1.53, 7.02
1.02, 1.53, 7.02
1.02, 1.53, 7.02
1.02, 1.61, 6.32
1.14, 1.61, 6.32
1.14, 1.61, 6.32
1.14, 1.61, 6.32
1.14, 1.61, 6.32
1.14, 1.41, 5.22
1.26, 1.41, 5.22
1.26, 1.41, 5.22
1.26, 1.41, 5.22
1.26, 1.41, 5.22
1.26, 1.14, 5.18
1.14, 1.14, 5.18
1.14, 1.14, 5.18
1.14, 1.14, 5.18
1.14, 1.14, 5.18
1.14, 1.14, 5.84
0.90, 1.06, 5.84
0.90, 1.06, 5.84
0.90, 1.06, 5.84
0.90, 1.06, 5.84
0.90, 1.06, 6.55
0.51, 0.94, 6.55
0.51, 0.94, 6.55
0.51, 0.94, 6.55
0.51, 0.94, 6.55
0.51, 0.94, 6.67
0.27, 0.78, 6.67
0.27, 0.78, 6.67
0.27, 0.78, 6.67
0.27, 0.78, 6.67
0.27, 0.78, 6.20
0.20, 0.67, 6.20
0.20, 0.67, 6.20
0.20, 0.67, 6.20
0.20, 0.67, 6.20
0.20, 0.67, 5.10
0.35, 0.55, 5.10
0.35, 0.55, 5.10
0.35, 0.55, 5.10
0.35, 0.55, 5.10
0.35, 0.55, 4.79
0.59, 0.47, 4.79
0.59, 0.47, 4.79
0.59, 0.47, 4.79
0.59, 0.47, 4.79
0.59, 0.47, 4.67
0.67, 0.47, 4.67
0.67, 0.47, 4.67
0.67, 0.47, 4.67
0.67, 0.47, 4.67
0.67, 0.47, 4.67
0.82, 0.51, 4.35
0.82, 0.51, 4.35
0.82, 0.51, 4.35
0.82, 0.51, 4.35
0.82, 0.51, 4.35
0.94, 0.27, 4.04
0.94, 0.27, 4.04
0.94, 0.27, 4.04
0.94, 0.27, 4.04
0.94, 0.27, 4.04
1.10, 0.04, 4.35
1.10, 0.04, 4.35
1.10, 0.04, 4.35
1.10, 0.04, 4.35
1.10, 0.04, 4.35
1.14, -0.08, 4.08
1.14, -0.08, 4.08
1.14, -0.08, 4.08
1.14, -0.08, 4.08
1.14, -0.08, 4.08
1.18, -0.27, 4.28
1.18, -0.27, 4.28
1.18, -0.27, 4.28
1.18, -0.27, 4.28
1.18, -0.27, 4.28
1.29, -0.43, 4.63
1.29, -0.43, 4.63
1.29, -0.43, 4.63
1.29, -0.43, 4.63
1.29, -0.43, 4.63
1.33, -0.43, 4.63
1.33, -0.43, 4.63
1.33, -0.43, 4.63
1.33, -0.43, 4.63
1.33, -0.43, 4.63
1.29, -0.63, 4.35
1.29, -0.63, 4.35
1.29, -0.63, 4.35
1.29, -0.63, 4.35
1.29, -0.63, 4.35
1.26, -0.86, 4.79
1.26, -0.86, 4.79
1.26, -0.86, 4.79
1.26, -0.86, 4.79
1.26, -0.86, 4.79
1.26, -0.90, 5.10
1.10, -0.90, 5.10
1.10, -0.90, 5.10
1.10, -0.90, 5.10
1.10, -0.90, 5.10
1.10, -1.02, 5.53
0.90, -1.02, 5.53
0.90, -1.02, 5.53
0.90, -1.02, 5.53
0.90, -1.02, 5.53
0.90, -1.29, 5.88
0.75, -1.29, 5.88
0.75, -1.29, 5.88
0.75, -1.29, 5.88
0.75, -1.29, 5.88
0.75, -1.26, 6.35
0.31, -1.26, 6.35
0.31, -1.26, 6.35
0.31, -1.26, 6.35
0.31, -1.26, 6.35
0.31, -1.18, 6.86
0.00, -1.18, 6.86
0.00, -1.18, 6.86
0.00, -1.18, 6.86
0.00, -1.18, 6.86
0.00, -0.90, 7.37
0.00, -0.90, 7.37
0.00, -0.90, 7.37
0.00, -0.90, 7.37
0.00, -0.90, 7.37
0.00, -0.67, 7.77
-0.04, -0.67, 7.77
-0.04, -0.67, 7.77
-0.04, -0.67, 7.77
-0.04, -0.67, 7.77
-0.04, -0.71, 7.92
0.04, -0.71, 7.92
0.04, -0.71, 7.92
0.04, -0.71, 7.92
0.04, -0.71, 7.92
0.04, -0.78, 7.65
0.08, -0.78, 7.65
0.08, -0.78, 7.65
0.08, -0.78, 7.65
0.08, -0.78, 7.65
0.08, -0.94, 7.37
0.04, -0.94, 7.37
0.04, -0.94, 7.37
0.04, -0.94, 7.37
0.04, -0.94, 7.37
0.04, -1.06, 7.41
-0.08, -1.06, 7.41
-0.08, -1.06, 7.41
-0.08, -1.06, 7.41
-0.08, -1.06, 7.41
-0.08, -1.06, 7.53
-0.08, -0.90, 7.53
-0.08, -0.90, 7.53
-0.08, -0.90, 7.53
-0.08, -0.90, 7.53
-0.08, -0.90, 7.88
0.35, -0.63, 7.88
0.35, -0.63, 7.88
0.35, -0.63, 7.88
0.35, -0.63, 7.88
0.35, -0.63, 8.47
0.59, -0.39, 8.47
0.59, -0.39, 8.47
0.59, -0.39, 8.47
0.59, -0.39, 8.47
0.59, -0.39, 8.90
0.71, -0.27, 8.90
0.71, -0.27, 8.90
0.71, -0.27, 8.90
0.71, -0.27, 8.90
0.71, -0.27, 8.67
0.55, -0.31, 8.67
0.55, -0.31, 8.67
0.55, -0.31, 8.67
0.55, -0.31, 8.67
0.55, -0.31, 8.32
0.39, -0.43, 8.32
0.39, -0.43, 8.32
0.39, -0.43, 8.32
0.39, -0.43, 8.32
0.39, -0.43, 8.39
0.08, -0.39, 8.39
0.08, -0.39, 8.39
0.08, -0.39, 8.39
0.08, -0.39, 8.39
0.08, -0.39, 8.90
-0.16, -0.35, 8.90
-0.16, -0.35, 8.90
-0.16, -0.35, 8.90
-0.16, -0.35, 8.90
-0.16, -0.35, 9.41
-0.35, -0.08, 9.41
-0.35, -0.08, 9.41
-0.35, -0.08, 9.41
-0.35, -0.08, 9.41
-0.35, -0.08, 9.41
-0.63, 0.08, 9.41
-0.63, 0.08, 9.41
-0.63, 0.08, 9.41
-0.63, 0.08, 9.41
-0.63, 0.08, 9.73
-0.86, 0.00, 9.73
-0.86, 0.00, 9.73
-0.86, 0.00, 9.73
-0.86, 0.00, 9.73
-0.86, 0.00, 9.77
-0.86, 0.00, 9.77
-0.86, 0.00, 9.77
-0.86, 0.00, 9.77
-0.86, 0.00, 9.77
-0.86, 0.00, 9.77
-0.90, 0.08, 9.89
-0.90, 0.08, 9.89
-0.90, 0.08, 9.89
-0.90, 0.08, 9.89
-0.90, 0.08, 9.89
-0.75, 0.08, 10.04
-0.75, 0.08, 10.04
-0.75, 0.08, 10.04
-0.75, 0.08, 10.04
-0.75, 0.08, 10.04
-0.71, 0.16, 10.20
-0.71, 0.16, 10.20
-0.71, 0.16, 10.20
-0.71, 0.16, 10.20
-0.71, 0.16, 10.20
-0.75, 0.31, 10.43
-0.75, 0.31, 10.43
-0.75, 0.31, 10.43
-0.75, 0.31, 10.43
-0.75, 0.31, 10.43
-0.63, 0.16, 10.87
-0.63, 0.16, 10.87
-0.63, 0.16, 10.87
-0.63, 0.16, 10.87
-0.63, 0.16, 10.87
-0.75, 0.27, 10.98
-0.75, 0.27, 10.98
-0.75, 0.27, 10.98
-0.75, 0.27, 10.98
-0.75, 0.27, 10.98
-0.86, 0.12, 11.18
-0.86, 0.12, 11.18
-0.86, 0.12, 11.18
-0.86, 0.12, 11.18
-0.86, 0.12, 11.18
-0.98, -0.04, 11.81
-0.98, -0.04, 11.81
-0.98, -0.04, 11.81
-0.98, -0.04, 11.81
-0.98, -0.04, 11.81
-1.18, 0.00, 12.36
-1.18, 0.00, 12.36
-1.18, 0.00, 12.36
-1.18, 0.00, 12.36
-1.18, 0.00, 12.36
-1.26, -0.08, 12.51
-1.26, -0.08, 12.51
-1.26, -0.08, 12.51
-1.26, -0.08, 12.51
-1.26, -0.08, 12.51
-1.18, 0.00, 12.51
-1.18, 0.00, 12.51
-1.18, 0.00, 12.51
-1.18, 0.00, 12.51
-1.18, 0.00, 12.51
-1.14, 0.08, 12.40
-1.14, 0.08, 12.40
-1.14, 0.08, 12.40
-1.14, 0.08, 12.40
-1.14, 0.08, 12.40
-0.94, 0.12, 12.51
-0.94, 0.12, 12.51
-0.94, 0.12, 12.51
-0.94, 0.12, 12.51
-0.94, 0.12, 12.51
-0.98, 0.31, 12.32
-0.98, 0.31, 12.32
-0.98, 0.31, 12.32
-0.98, 0.31, 12.32
-0.98, 0.31, 12.32
-0.98, 0.51, 12.00
-1.33, 0.51, 12.00
-1.33, 0.51, 12.00
-1.33, 0.51, 12.00
-1.33, 0.51, 12.00
-1.33, 0.63, 12.00
-1.37, 0.63, 12.00
-1.37, 0.63, 12.00
-1.37, 0.63, 12.00
-1.37, 0.63, 12.00
-1.37, 0.98, 12.63
-1.80, 0.98, 12.63
-1.80, 0.98, 12.63
-1.80, 0.98, 12.63
-1.80, 0.98, 12.63
-1.80, 1.26, 13.26
-2.28, 1.26, 13.26
-2.28, 1.26, 13.26
-2.28, 1.26, 13.26
-2.28, 1.26, 13.26
-2.28, 1.26, 14.00
-2.24, 1.26, 14.00
-2.24, 1.26, 14.00
-2.24, 1.26, 14.00
-2.24, 1.26, 14.00
-2.24, 1.88, 15.10
-2.16, 1.88, 15.10
-2.16, 1.88, 15.10
-2.16, 1.88, 15.10
-2.16, 1.88, 15.10
-2.16, 2.59, 15.81
-2.24, 2.59, 15.81
-2.24, 2.59, 15.81
-2.24, 2.59, 15.81
-2.24, 2.59, 15.81
-2.24, 3.37, 16.08
-2.08, 3.37, 16.08
-2.08, 3.37, 16.08
-2.08, 3.37, 16.08
-2.08, 3.37, 16.08
-2.08, 4.08, 15.61
-1.92, 4.08, 15.61
-1.92, 4.08, 15.61
-1.92, 4.08, 15.61
-1.92, 4.08, 15.61
-1.92, 3.88, 14.55
-2.04, 3.88, 14.55
-2.04, 3.88, 14.55
-2.04, 3.88, 14.55
-2.04, 3.88, 14.55
-2.04, 3.88, 14.63
-2.59, 3.65, 14.63
-2.59, 3.65, 14.63
-2.59, 3.65, 14.63
-2.59, 3.65, 14.63
-2.59, 3.65, 15.30
-3.22, 3.57, 15.30
-3.22, 3.57, 15.30
-3.22, 3.57, 15.30
-3.22, 3.57, 15.30
-3.22, 3.57, 15.49
-3.18, 3.53, 15.49
-3.18, 3.53, 15.49
-3.18, 3.53, 15.49
-3.18, 3.53, 15.49
-3.18, 3.53, 15.14
-2.75, 3.65, 15.14
-2.75, 3.65, 15.14
-2.75, 3.65, 15.14
-2.75, 3.65, 15.14
-2.75, 3.65, 14.75
-2.08, 4.16, 14.75
-2.08, 4.16, 14.75
-2.08, 4.16, 14.75
-2.08, 4.16, 14.75
-2.08, 4.16, 14.20
-2.04, 4.43, 14.20
-2.04, 4.43, 14.20
-2.04, 4.43, 14.20
-2.04, 4.43, 14.20
-2.04, 4.43, 13.53
-1.69, 4.39, 13.53
-1.69, 4.39, 13.53
-1.69, 4.39, 13.53
-1.69, 4.39, 13.53
-1.69, 4.39, 13.30
-1.61, 4.71, 13.30
-1.61, 4.71, 13.30
-1.61, 4.71, 13.30
-1.61, 4.71, 13.30
-1.61, 4.71, 12.71
-1.10, 4.82, 12.71
-1.10, 4.82, 12.71
-1.10, 4.82, 12.71
-1.10, 4.82, 12.71
-1.10, 4.82, 12.12
-1.33, 4.86, 12.12
-1.33, 4.86, 12.12
-1.33, 4.86, 12.12
-1.33, 4.86, 12.12
-1.33, 4.86, 11.30
-0.98, 4.90, 11.30
-0.98, 4.90, 11.30
-0.98, 4.90, 11.30
-0.98, 4.90, 11.30
-0.98, 4.90, 11.30
-0.75, 4.47, 9.61
-0.75, 4.47, 9.61
-0.75, 4.47, 9.61
-0.75, 4.47, 9.61
-0.75, 4.47, 9.61
-0.71, 4.43, 9.45
-0.71, 4.43, 9.45
-0.71, 4.43, 9.45
-0.71, 4.43, 9.45
-0.71, 4.43, 9.45
-0.78, 4.35, 9.65
-0.78, 4.35, 9.65
-0.78, 4.35, 9.65
-0.78, 4.35, 9.65
-0.78, 4.35, 9.65
-0.78, 4.39, 9.65
-0.78, 4.39, 9.65
-0.78, 4.39, 9.65
-0.78, 4.39, 9.65
-0.78, 4.39, 9.65
-0.82, 4.24, 9.73
-0.82, 4.24, 9.73
-0.82, 4.24, 9.73
-0.82, 4.24, 9.73
-0.82, 4.24, 9.73
-0.94, 4.08, 9.77
-0.94, 4.08, 9.77
-0.94, 4.08, 9.77
-0.94, 4.08, 9.77
-0.94, 4.08, 9.77
-1.06, 3.88, 9.81
-1.06, 3.88, 9.81
-1.06, 3.88, 9.81
-1.06, 3.88, 9.81
-1.06, 3.88, 9.81
-1.22, 3.65, 9.69
-1.22, 3.65, 9.69
-1.22, 3.65, 9.69
-1.22, 3.65, 9.69
-1.22, 3.65, 9.69
-1.37, 3.37, 9.57
-1.37, 3.37, 9.57
-1.37, 3.37, 9.57
-1.37, 3.37, 9.57
-1.37, 3.37, 9.57
-1.33, 3.14, 9.30
-1.33, 3.14, 9.30
-1.33, 3.14, 9.30
-1.33, 3.14, 9.30
-1.33, 3.14, 9.30
-1.33, 2.86, 9.30
-1.33, 2.86, 9.30
-1.33, 2.86, 9.30
-1.33, 2.86, 9.30
-1.33, 2.86, 9.30
-1.41, 2.63, 9.34
-1.41, 2.63, 9.34
-1.41, 2.63, 9.34
-1.41, 2.63, 9.34
-1.41, 2.63, 9.34
-1.41, 2.55, 9.38
-1.53, 2.55, 9.38
-1.53, 2.55, 9.38
-1.53, 2.55, 9.38
-1.53, 2.55, 9.38
-1.53, 2.51, 9.65
-1.80, 2.51, 9.65
-1.80, 2.51, 9.65
-1.80, 2.51, 9.65
-1.80, 2.51, 9.65
-1.80, 2.35, 9.92
-1.80, 2.35, 9.92
-1.80, 2.35, 9.92
-1.80, 2.35, 9.92
-1.80, 2.35, 9.92
-1.80, 2.28, 9.85
-1.77, 2.28, 9.85
-1.77, 2.28, 9.85
-1.77, 2.28, 9.85
-1.77, 2.28, 9.85
-1.77, 2.08, 9.81
-1.96, 2.08, 9.81
-1.96, 2.08, 9.81
-1.96, 2.08, 9.81
-1.96, 2.08, 9.81
-1.96, 1.88, 9.77
-2.16, 1.88, 9.77
-2.16, 1.88, 9.77
-2.16, 1.88, 9.77
-2.16, 1.88, 9.77
-2.16, 1.69, 9.73
-2.31, 1.69, 9.73
-2.31, 1.69, 9.73
-2.31, 1.69, 9.73
-2.31, 1.69, 9.73
-2.31, 1.41, 9.69
-2.47, 1.41, 9.69
-2.47, 1.41, 9.69
-2.47, 1.41, 9.69
-2.47, 1.41, 9.69
-2.47, 1.22, 9.57
-2.51, 1.22, 9.57
-2.51, 1.22, 9.57
-2.51, 1.22, 9.57
-2.51, 1.22, 9.57
-2.51, 1.02, 9.69
-2.51, 1.02, 9.69
-2.51, 1.02, 9.69
-2.51, 1.02, 9.69
-2.51, 1.02, 9.69
-2.51, 1.06, 9.53
-2.59, 1.06, 9.53
-2.59, 1.06, 9.53
-2.59, 1.06, 9.53
-2.59, 1.06, 9.53
-2.59, 1.06, 9.73
-2.63, 0.98, 9.73
-2.63, 0.98, 9.73
-2.63, 0.98, 9.73
-2.63, 0.98, 9.73
-2.63, 0.98, 9.96
-2.63, 0.82, 9.96
-2.63, 0.82, 9.96
-2.63, 0.82, 9.96
-2.63, 0.82, 9.96
-2.63, 0.82, 10.12
-2.67, 0.59, 10.12
-2.67, 0.59, 10.12
-2.67, 0.59, 10.12
-2.67, 0.59, 10.12
-2.67, 0.59, 10.12
-2.59, 0.59, 10.12
-2.59, 0.59, 10.12
-2.59, 0.59, 10.12
-2.59, 0.59, 10.12
-2.59, 0.59, 9.89
-2.59, 0.31, 9.89
-2.59, 0.31, 9.89
-2.59, 0.31, 9.89
-2.59, 0.31, 9.89
-2.59, 0.31, 9.69
-2.71, 0.00, 9.69
-2.71, 0.00, 9.69
-2.71, 0.00, 9.69
-2.71, 0.00, 9.69
-2.71, 0.00, 9.61
-2.71, -0.20, 9.61
-2.71, -0.20, 9.61
-2.71, -0.20, 9.61
-2.71, -0.20, 9.61
-2.71, -0.20, 9.53
-2.63, -0.43, 9.53
-2.63, -0.43, 9.53
-2.63, -0.43, 9.53
-2.63, -0.43, 9.53
-2.63, -0.43, 9.53
-1.37, 0.78, 9.53
-1.37, 0.78, 9.53
-1.37, 0.78, 9.53
-1.37, 0.78, 9.53
-1.37, 0.78, 9.61
-2.51, -0.39, 9.61
-2.51, -0.39, 9.61
-2.51, -0.39, 9.61
-2.51, -0.39, 9.61
-2.51, -0.39, 9.92
-2.86, -0.86, 9.92
-2.86, -0.86, 9.92
-2.86, -0.86, 9.92
-2.86, -0.86, 9.92
-2.86, -0.86, 9.92
-2.71, -1.26, 9.92
-2.71, -1.26, 9.92
-2.71, -1.26, 9.92
-2.71, -1.26, 9.92
-2.71, -1.26, 9.69
-2.55, -1.41, 9.69
-2.55, -1.41, 9.69
-2.55, -1.41, 9.69
-2.55, -1.41, 9.69
-2.55, -1.41, 9.77
-2.51, -1.77, 9.77
-2.51, -1.77, 9.77
-2.51, -1.77, 9.77
-2.51, -1.77, 9.77
-2.51, -1.77, 10.08
-2.75, -2.16, 10.08
-2.75, -2.16, 10.08
-2.75, -2.16, 10.08
-2.75, -2.16, 10.08
-2.75, -2.16, 10.20
-2.55, -2.51, 10.20
-2.55, -2.51, 10.20
-2.55, -2.51, 10.20
-2.55, -2.51, 10.20
-2.55, -2.51, 10.28
-2.59, -2.59, 10.28
-2.59, -2.59, 10.28
-2.59, -2.59, 10.28
-2.59, -2.59, 10.28
-2.59, -2.59, 10.20
-2.59, -2.67, 10.20
-2.59, -2.67, 10.20
-2.59, -2.67, 10.20
-2.59, -2.67, 10.20
-2.59, -2.67, 10.04
-2.43, -2.75, 10.04
-2.43, -2.75, 10.04
-2.43, -2.75, 10.04
-2.43, -2.75, 10.04
-2.43, -2.75, 9.81
-2.35, -2.71, 9.81
-2.35, -2.71, 9.81
-2.35, -2.71, 9.81
-2.35, -2.71, 9.81
-2.35, -2.71, 9.92
-2.24, -2.63, 9.92
-2.24, -2.63, 9.92
-2.24, -2.63, 9.92
-2.24, -2.63, 9.92
-2.24, -2.63, 10.04
-2.16, -2.55, 10.04
-2.16, -2.55, 10.04
-2.16, -2.55, 10.04
-2.16, -2.55, 10.04
-2.16, -2.55, 10.12
-2.04, -2.47, 10.12
-2.04, -2.47, 10.12
-2.04, -2.47, 10.12
-2.04, -2.47, 10.12
-2.04, -2.47, 10.16
-2.04, -2.39, 10.16
-2.04, -2.39, 10.16
-2.04, -2.39, 10.16
-2.04, -2.39, 10.16
-2.04, -2.39, 10.40
-2.16, -2.28, 10.40
-2.16, -2.28, 10.40
-2.16, -2.28, 10.40
-2.16, -2.28, 10.40
-2.16, -2.28, 10.43
-2.16, -2.20, 10.43
-2.16, -2.20, 10.43
-2.16, -2.20, 10.43
-2.16, -2.20, 10.43
-2.16, -2.20, 10.36
-2.16, -2.12, 10.36
-2.16, -2.12, 10.36
-2.16, -2.12, 10.36
-2.16, -2.12, 10.36
-2.16, -2.12, 10.08
-2.16, -1.80, 10.08
-2.16, -1.80, 10.08
-2.16, -1.80, 10.08
-2.16, -1.80, 10.08
-2.16, -1.80, 10.28
-1.69, -1.41, 10.28
-1.69, -1.41, 10.28
-1.69, -1.41, 10.28
-1.69, -1.41, 10.28
-1.69, -1.41, 9.92
-2.16, -1.53, 9.92
-2.16, -1.53, 9.92
-2.16, -1.53, 9.92
-2.16, -1.53, 9.92
-2.16, -1.53, 9.65
-2.04, -1.53, 9.65
-2.04, -1.53, 9.65
-2.04, -1.53, 9.65
-2.04, -1.53, 9.65
-2.04, -1.45, 9.57
-1.92, -1.45, 9.57
-1.92, -1.45, 9.57
-1.92, -1.45, 9.57
-1.92, -1.45, 9.57
-1.92, -1.37, 9.38
-1.80, -1.37, 9.38
-1.80, -1.37, 9.38
-1.80, -1.37, 9.38
-1.80, -1.37, 9.38
-1.80, -1.14, 9.49
-1.65, -1.14, 9.49
-1.65, -1.14, 9.49
-1.65, -1.14, 9.49
-1.65, -1.14, 9.49
-1.65, -1.22, 9.57
-1.49, -1.22, 9.57
-1.49, -1.22, 9.57
-1.49, -1.22, 9.57
-1.49, -1.22, 9.57
-1.49, -1.14, 9.34
-1.29, -1.14, 9.34
-1.29, -1.14, 9.34
-1.29, -1.14, 9.34
-1.29, -1.14, 9.34
-1.29, -1.02, 9.26
-1.06, -1.02, 9.26
-1.06, -1.02, 9.26
-1.06, -1.02, 9.26
-1.06, -1.02, 9.26
-1.06, -0.98, 9.38
-0.94, -0.98, 9.38
-0.94, -0.98, 9.38
-0.94, -0.98, 9.38
-0.94, -0.98, 9.38
-0.94, -1.06, 9.41
-0.94, -1.06, 9.41
-0.94, -1.06, 9.41
-0.94, -1.06, 9.41
-0.94, -1.06, 9.41
-0.94, -1.14, 9.38
-0.98, -1.14, 9.38
-0.98, -1.14, 9.38
-0.98, -1.14, 9.38
-0.98, -1.14, 9.38
-0.98, -1.18, 9.34
-0.98, -1.18, 9.34
-0.98, -1.18, 9.34
-0.98, -1.18, 9.34
-0.98, -1.18, 9.34
-0.98, -0.78, 9.38
-1.18, -0.78, 9.38
-1.18, -0.78, 9.38
-1.18, -0.78, 9.38
-1.18, -0.78, 9.38
-1.18, -1.41, 9.34
-0.94, -1.41, 9.34
-0.94, -1.41, 9.34
-0.94, -1.41, 9.34
-0.94, -1.41, 9.34
-0.94, -1.18, 9.57
-0.90, -1.18, 9.57
-0.90, -1.18, 9.57
-0.90, -1.18, 9.57
-0.90, -1.18, 9.57
-0.90, -1.49, 9.81
-1.26, -1.49, 9.81
-1.26, -1.49, 9.81
-1.26, -1.49, 9.81
-1.26, -1.49, 9.81
-1.26, -1.45, 10.00
-1.29, -1.45, 10.00
-1.29, -1.45, 10.00
-1.29, -1.45, 10.00
-1.29, -1.45, 10.00
-1.29, -1.41, 9.89
-1.26, -1.41, 9.89
-1.26, -1.41, 9.89
-1.26, -1.41, 9.89
-1.26, -1.41, 9.89
-1.26, -1.22, 9.81
-1.02, -1.22, 9.81
-1.02, -1.22, 9.81
-1.02, -1.22, 9.81
-1.02, -1.22, 9.81
-1.02, -1.02, 9.73
-1.02, -1.02, 9.73
-1.02, -1.02, 9.73
-1.02, -1.02, 9.73
-1.02, -1.02, 9.73
-1.02, -0.94, 9.89
-1.14, -0.94, 9.89
-1.14, -0.94, 9.89
-1.14, -0.94, 9.89
-1.14, -0.94, 9.89
-1.14, -0.67, 10.00
-1.14, -0.67, 10.00
-1.14, -0.67, 10.00
-1.14, -0.67, 10.00
-1.14, -0.67, 10.00
-1.14, -0.47, 10.40
-1.14, -0.47, 10.40
-1.14, -0.47, 10.40
-1.14, -0.47, 10.40
-1.14, -0.47, 10.40
-1.14, -0.51, 10.32
-1.10, -0.51, 10.32
-1.10, -0.51, 10.32
-1.10, -0.51, 10.32
-1.10, -0.51, 10.32
-1.10, -0.35, 10.24
-1.26, -0.35, 10.24
-1.26, -0.35, 10.24
-1.26, -0.35, 10.24
-1.26, -0.35, 10.24
-1.26, -0.39, 10.24
-1.18, -0.39, 10.24
-1.18, -0.39, 10.24
-1.18, -0.39, 10.24
-1.18, -0.39, 10.24
-1.14, -0.24, 10.12
-1.14, -0.24, 10.12
-1.14, -0.24, 10.12
-1.14, -0.24, 10.12
-1.14, -0.24, 10.12
-1.18, -0.20, 10.08
-1.18, -0.20, 10.08
-1.18, -0.20, 10.08
-1.18, -0.20, 10.08
-1.18, -0.20, 10.08
-1.22, -0.16, 9.92
-1.22, -0.16, 9.92
-1.22, -0.16, 9.92
-1.22, -0.16, 9.92
-1.22, -0.16, 9.92
-1.14, 0.00, 9.92
-1.14, 0.00, 9.92
-1.14, 0.00, 9.92
-1.14, 0.00, 9.92
-1.14, 0.00, 9.92
-1.26, 0.04, 9.89
-1.26, 0.04, 9.89
-1.26, 0.04, 9.89
-1.26, 0.04, 9.89
-1.26, 0.04, 9.89
-1.26, 0.12, 9.96
-1.22, 0.12, 9.96
-1.22, 0.12, 9.96
-1.22, 0.12, 9.96
-1.22, 0.12, 9.96
-1.22, 0.12, 10.08
-1.26, 0.12, 10.08
-1.26, 0.12, 10.08
-1.26, 0.12, 10.08
-1.26, 0.12, 10.08
-1.26, 0.16, 10.12
-1.18, 0.16, 10.12
-1.18, 0.16, 10.12
-1.18, 0.16, 10.12
-1.18, 0.16, 10.12
-1.18, 0.16, 10.04
-1.14, 0.16, 10.04
-1.14, 0.16, 10.04
-1.14, 0.16, 10.04
-1.14, 0.16, 10.04
-1.14, 0.24, 10.00
-1.06, 0.24, 10.00
-1.06, 0.24, 10.00
-1.06, 0.24, 10.00
-1.06, 0.24, 10.00
-1.06, 0.31, 9.92
-1.02, 0.31, 9.92
-1.02, 0.31, 9.92
-1.02, 0.31, 9.92
-1.02, 0.31, 9.92
-1.02, 0.35, 9.69
-0.98, 0.35, 9.69
-0.98, 0.35, 9.69
-0.98, 0.35, 9.69
-0.98, 0.35, 9.69
-0.98, 0.31, 9.57
-1.02, 0.31, 9.57
-1.02, 0.31, 9.57
-1.02, 0.31, 9.57
-1.02, 0.31, 9.57
-1.02, 0.31, 9.61
-1.06, 0.31, 9.61
-1.06, 0.31, 9.61
-1.06, 0.31, 9.61
-1.06, 0.31, 9.61
-1.06, 0.39, 9.85
-1.06, 0.39, 9.85
-1.06, 0.39, 9.85
-1.06, 0.39, 9.85
-1.06, 0.39, 9.85
-1.06, 0.39, 9.92
-1.06, 0.35, 9.92
-1.06, 0.35, 9.92
-1.06, 0.35, 9.92
-1.06, 0.35, 9.92
-1.06, 0.35, 9.92
-1.06, 0.39, 9.92
-1.06, 0.39, 9.92
-1.06, 0.39, 9.92
-1.06, 0.39, 9.92
-1.06, 0.39, 9.96
-1.14, 0.51, 9.96
-1.14, 0.51, 9.96
-1.14, 0.51, 9.96
-1.14, 0.51, 9.96
-1.14, 0.51, 9.92
-1.18, 0.47, 9.92
-1.18, 0.47, 9.92
-1.18, 0.47, 9.92
-1.18, 0.47, 9.92
-1.18, 0.47, 10.04
-1.18, 0.43, 10.04
-1.18, 0.43, 10.04
-1.18, 0.43, 10.04
-1.18, 0.43, 10.04
-1.18, 0.43, 10.20
-1.14, 0.47, 10.20
-1.14, 0.47, 10.20
-1.14, 0.47, 10.20
-1.14, 0.47, 10.20
-1.14, 0.47, 10.12
-1.10, 0.47, 10.12
-1.10, 0.47, 10.12
-1.10, 0.47, 10.12
-1.10, 0.47, 10.12
-1.10, 0.47, 10.00
-1.18, 0.59, 10.00
-1.18, 0.59, 10.00
-1.18, 0.59, 10.00
-1.18, 0.59, 10.00
-1.18, 0.59, 10.00
-1.18, 0.55, 10.00
-1.18, 0.55, 10.00
-1.18, 0.55, 10.00
-1.18, 0.55, 10.00
-1.18, 0.55, 10.08
-1.22, 0.59, 10.08
-1.22, 0.59, 10.08
-1.22, 0.59, 10.08
-1.22, 0.59, 10.08
-1.22, 0.59, 10.08
-1.22, 0.51, 10.04
-1.22, 0.51, 10.04
-1.22, 0.51, 10.04
-1.22, 0.51, 10.04
-1.22, 0.51, 10.04
-1.22, 0.55, 10.20
-1.22, 0.55, 10.20
-1.22, 0.55, 10.20
-1.22, 0.55, 10.20
-1.22, 0.55, 10.20
-1.29, 0.59, 10.08
-1.29, 0.59, 10.08
-1.29, 0.59, 10.08
-1.29, 0.59, 10.08
-1.29, 0.59, 10.08
-1.18, 0.47, 10.04
-1.18, 0.47, 10.04
-1.18, 0.47, 10.04
-1.18, 0.47, 10.04
-1.18, 0.47, 10.04
-1.33, 0.39, 10.12
-1.33, 0.39, 10.12
-1.33, 0.39, 10.12
-1.33, 0.39, 10.12
-1.33, 0.39, 10.12
-1.45, 0.39, 10.28
-1.45, 0.39, 10.28
-1.45, 0.39, 10.28
-1.45, 0.39, 10.28
-1.45, 0.39, 10.28
-1.29, 0.47, 10.04
-1.29, 0.47, 10.04
-1.29, 0.47, 10.04
-1.29, 0.47, 10.04
-1.29, 0.47, 10.04
-1.26, 0.55, 9.89
-1.26, 0.55, 9.89
-1.26, 0.55, 9.89
-1.26, 0.55, 9.89
-1.26, 0.55, 9.89
-1.22, 0.51, 9.81
-1.22, 0.51, 9.81
-1.22, 0.51, 9.81
-1.22, 0.51, 9.81
-1.22, 0.51, 9.81
-1.26, 0.55, 9.77
-1.26, 0.55, 9.77
-1.26, 0.55, 9.77
-1.26, 0.55, 9.77
-1.26, 0.55, 9.77
-1.26, 0.59, 9.81
-1.26, 0.59, 9.81
-1.26, 0.59, 9.81
-1.26, 0.59, 9.81
-1.26, 0.59, 9.81
-1.22, 0.51, 10.04
-1.22, 0.51, 10.04
-1.22, 0.51, 10.04
-1.22, 0.51, 10.04
-1.22, 0.51, 10.04
-1.26, 0.43, 10.20
-1.26, 0.43, 10.20
-1.26, 0.43, 10.20
-1.26, 0.43, 10.20
-1.26, 0.43, 10.20
-1.26, 0.43, 10.12
-1.22, 0.43, 10.12
-1.22, 0.43, 10.12
-1.22, 0.43, 10.12
-1.22, 0.43, 10.12
-1.22, 0.39, 9.89
-1.22, 0.39, 9.89
-1.22, 0.39, 9.89
-1.22, 0.39, 9.89
-1.22, 0.39, 9.89
-1.22, 0.39, 9.89
-1.18, 0.39, 9.89
-1.18, 0.39, 9.89
-1.18, 0.39, 9.89
-1.18, 0.39, 9.89
-1.18, 0.43, 10.00
-1.26, 0.43, 10.00
-1.26, 0.43, 10.00
-1.26, 0.43, 10.00
-1.26, 0.43, 10.00
-1.26, 0.47, 10.08
-1.22, 0.47, 10.08
-1.22, 0.47, 10.08
-1.22, 0.47, 10.08
-1.22, 0.47, 10.08
-1.22, 0.51, 10.00
-1.14, 0.51, 10.00
-1.14, 0.51, 10.00
-1.14, 0.51, 10.00
-1.14, 0.51, 10.00
-1.14, 0.51, 10.00
-1.22, 0.51, 10.00
-1.22, 0.51, 10.00
-1.22, 0.51, 10.00
-1.22, 0.51, 10.00
-1.22, 0.51, 9.92
-1.22, 0.51, 9.92
-1.22, 0.51, 9.92
-1.22, 0.51, 9.92
-1.22, 0.51, 9.92
-1.22, 0.47, 10.04
-1.18, 0.47, 10.04
-1.18, 0.47, 10.04
-1.18, 0.47, 10.04
-1.18, 0.47, 10.04
-1.18, 0.47, 10.04
-1.22, 0.47, 10.04
-1.22, 0.47, 10.04
-1.22, 0.47, 10.04
-1.22, 0.47, 10.04
-1.22, 0.47, 10.00
-1.29, 0.55, 10.00
-1.29, 0.55, 10.00
-1.29, 0.55, 10.00
-1.29, 0.55, 10.00
-1.29, 0.55, 10.08
-1.26, 0.51, 10.08
-1.26, 0.51, 10.08
-1.26, 0.51, 10.08
-1.26, 0.51, 10.08
-1.26, 0.51, 9.96
-1.29, 0.51, 9.96
-1.29, 0.51, 9.96
-1.29, 0.51, 9.96
-1.29, 0.51, 9.96
-1.29, 0.51, 9.85
-1.33, 0.47, 9.85
-1.33, 0.47, 9.85
-1.33, 0.47, 9.85
-1.33, 0.47, 9.85
-1.33, 0.47, 9.73
-1.26, 0.35, 9.73
-1.26, 0.35, 9.73
-1.26, 0.35, 9.73
-1.26, 0.35, 9.73
-1.26, 0.35, 9.77
-1.33, 0.39, 9.77
-1.33, 0.39, 9.77
-1.33, 0.39, 9.77
-1.33, 0.39, 9.77
-1.33, 0.39, 10.00
-1.41, 0.31, 10.00
-1.41, 0.31, 10.00
-1.41, 0.31, 10.00
-1.41, 0.31, 10.00
-1.41, 0.31, 9.96
-1.41, 0.27, 9.96
-1.41, 0.27, 9.96
-1.41, 0.27, 9.96
-1.41, 0.27, 9.96
-1.41, 0.27, 10.04
-1.53, 0.27, 10.04
-1.53, 0.27, 10.04
-1.53, 0.27, 10.04
-1.53, 0.27, 10.04
-1.53, 0.27, 10.00
-1.49, 0.39, 10.00
-1.49, 0.39, 10.00
-1.49, 0.39, 10.00
-1.49, 0.39, 10.00
-1.49, 0.39, 10.00
-1.49, 0.39, 10.04
-1.49, 0.39, 10.04
-1.49, 0.39, 10.04
-1.49, 0.39, 10.04
-1.49, 0.39, 10.04
-1.45, 0.39, 10.12
-1.45, 0.39, 10.12
-1.45, 0.39, 10.12
-1.45, 0.39, 10.12
-1.45, 0.39, 10.12
-1.49, 0.35, 10.08
-1.49, 0.35, 10.08
-1.49, 0.35, 10.08
-1.49, 0.35, 10.08
-1.49, 0.35, 10.08
-1.49, 0.43, 9.96
-1.49, 0.43, 9.96
-1.49, 0.43, 9.96
-1.49, 0.43, 9.96
-1.49, 0.43, 9.96
-1.41, 0.39, 9.85
-1.41, 0.39, 9.85
-1.41, 0.39, 9.85
-1.41, 0.39, 9.85
-1.41, 0.39, 9.85
-1.49, 0.35, 9.89
-1.49, 0.35, 9.89
-1.49, 0.35, 9.89
-1.49, 0.35, 9.89
-1.49, 0.35, 9.89
-1.49, 0.35, 10.00
-1.49, 0.35, 10.00
-1.49, 0.35, 10.00
-1.49, 0.35, 10.00
-1.49, 0.35, 10.00
-1.53, 0.39, 9.89
-1.53, 0.39, 9.89
-1.53, 0.39, 9.89
-1.53, 0.39, 9.89
-1.53, 0.39, 9.89
-1.61, 0.24, 8.98
-1.61, 0.24, 8.98
-1.61, 0.24, 8.98
-1.61, 0.24, 8.98
-1.61, 0.24, 8.98
-1.14, 0.43, 9.02
-1.14, 0.43, 9.02
-1.14, 0.43, 9.02
-1.14, 0.43, 9.02
-1.14, 0.43, 9.02
-1.14, 0.67, 9.85
-1.14, 0.67, 9.85
-1.14, 0.67, 9.85
-1.14, 0.67, 9.85
-1.14, 0.67, 9.85
-1.22, 0.59, 10.12
-1.22, 0.59, 10.12
-1.22, 0.59, 10.12
-1.22, 0.59, 10.12
-1.22, 0.59, 10.12
-1.22, 0.55, 9.85
-1.29, 0.55, 9.85
-1.29, 0.55, 9.85
-1.29, 0.55, 9.85
-1.29, 0.55, 9.85
-1.29, 0.55, 9.69
-1.26, 0.55, 9.69
-1.26, 0.55, 9.69
-1.26, 0.55, 9.69
-1.26, 0.55, 9.69
-1.26, 0.63, 9.61
-1.18, 0.63, 9.61
-1.18, 0.63, 9.61
-1.18, 0.63, 9.61
-1.18, 0.63, 9.61
-1.18, 0.63, 9.49
-1.06, 0.63, 9.49
-1.06, 0.63, 9.49
-1.06, 0.63, 9.49
-1.06, 0.63, 9.49
-1.06, 0.55, 9.45
-1.10, 0.55, 9.45
-1.10, 0.55, 9.45
-1.10, 0.55, 9.45
-1.10, 0.55, 9.45
-1.10, 0.67, 9.45
-1.18, 0.67, 9.45
-1.18, 0.67, 9.45
-1.18, 0.67, 9.45
-1.18, 0.67, 9.45
-1.18, 0.51, 9.69
-1.18, 0.51, 9.69
-1.18, 0.51, 9.69
-1.18, 0.51, 9.69
-1.18, 0.51, 9.69
-1.18, 0.67, 9.57
-1.22, 0.67, 9.57
-1.22, 0.67, 9.57
-1.22, 0.67, 9.57
-1.22, 0.67, 9.57
-1.22, 0.55, 9.61
-1.26, 0.55, 9.61
-1.26, 0.55, 9.61
-1.26, 0.55, 9.61
-1.26, 0.55, 9.61
-1.26, 0.51, 9.65
-1.29, 0.51, 9.65
-1.29, 0.51, 9.65
-1.29, 0.51, 9.65
-1.29, 0.51, 9.65
-1.29, 0.55, 9.69
-1.26, 0.55, 9.69
-1.26, 0.55, 9.69
-1.26, 0.55, 9.69
-1.26, 0.55, 9.69
-1.26, 0.55, 9.77
-1.22, 0.59, 9.77
-1.22, 0.59, 9.77
-1.22, 0.59, 9.77
-1.22, 0.59, 9.77
-1.22, 0.59, 9.89
-1.33, 0.55, 9.89
-1.33, 0.55, 9.89
-1.33, 0.55, 9.89
-1.33, 0.55, 9.89
-1.33, 0.55, 9.96
-1.45, 0.51, 9.96
-1.45, 0.51, 9.96
-1.45, 0.51, 9.96
-1.45, 0.51, 9.96
-1.45, 0.51, 10.08
-1.49, 0.43, 10.08
-1.49, 0.43, 10.08
-1.49, 0.43, 10.08
-1.49, 0.43, 10.08
-1.49, 0.43, 10.08
-1.57, 0.47, 10.08
-1.57, 0.47, 10.08
-1.57, 0.47, 10.08
-1.57, 0.47, 10.08
-1.57, 0.47, 10.04
-1.49, 0.59, 10.04
-1.49, 0.59, 10.04
-1.49, 0.59, 10.04
-1.49, 0.59, 10.04
-1.49, 0.59, 9.92
-1.45, 0.59, 9.92
-1.45, 0.59, 9.92
-1.45, 0.59, 9.92
-1.45, 0.59, 9.92
-1.45, 0.59, 9.92
-1.61, 0.55, 9.92
-1.61, 0.55, 9.92
-1.61, 0.55, 9.92
-1.61, 0.55, 9.92
-1.61, 0.55, 10.00
-1.65, 0.67, 10.00
-1.65, 0.67, 10.00
-1.65, 0.67, 10.00
-1.65, 0.67, 10.00
-1.65, 0.67, 9.89
-1.69, 0.59, 9.89
-1.69, 0.59, 9.89
-1.69, 0.59, 9.89
-1.69, 0.59, 9.89
-1.69, 0.59, 9.89
-1.69, 0.67, 9.92
-1.69, 0.67, 9.92
-1.69, 0.67, 9.92
-1.69, 0.67, 9.92
-1.69, 0.67, 9.92
-1.73, 0.63, 10.04
-1.73, 0.63, 10.04
-1.73, 0.63, 10.04
-1.73, 0.63, 10.04
-1.73, 0.63, 10.04
-1.69, 0.67, 10.12
-1.69, 0.67, 10.12
-1.69, 0.67, 10.12
-1.69, 0.67, 10.12
-1.69, 0.67, 10.12
-1.73, 0.63, 10.04
-1.73, 0.63, 10.04
-1.73, 0.63, 10.04
-1.73, 0.63, 10.04
-1.73, 0.63, 10.04
-1.80, 0.67, 9.96
-1.80, 0.67, 9.96
-1.80, 0.67, 9.96
-1.80, 0.67, 9.96
-1.80, 0.67, 9.96
-1.80, 0.63, 9.85
-1.80, 0.63, 9.85
-1.80, 0.63, 9.85
-1.80, 0.63, 9.85
-1.80, 0.63, 9.85
-1.77, 0.55, 9.89
-1.77, 0.55, 9.89
-1.77, 0.55, 9.89
-1.77, 0.55, 9.89
-1.77, 0.55, 9.89
-1.88, 0.59, 9.92
-1.88, 0.59, 9.92
-1.88, 0.59, 9.92
-1.88, 0.59, 9.92
-1.88, 0.59, 9.92
-1.92, 0.67, 9.92
-1.92, 0.67, 9.92
-1.92, 0.67, 9.92
-1.92, 0.67, 9.92
-1.92, 0.67, 9.92
-1.88, 0.67, 9.89
-1.88, 0.67, 9.89
-1.88, 0.67, 9.89
-1.88, 0.67, 9.89
-1.88, 0.67, 9.89
-1.84, 0.71, 9.85
-1.84, 0.71, 9.85
-1.84, 0.71, 9.85
-1.84, 0.71, 9.85
-1.84, 0.71, 9.85
-1.84, 0.75, 9.81
-1.84, 0.75, 9.81
-1.84, 0.75, 9.81
-1.84, 0.75, 9.81
-1.84, 0.75, 9.81
-1.84, 0.82, 9.81
-1.84, 0.82, 9.81
-1.84, 0.82, 9.81
-1.84, 0.82, 9.81
-1.84, 0.82, 9.81
-1.84, 0.90, 9.81
-1.88, 0.90, 9.81
-1.88, 0.90, 9.81
-1.88, 0.90, 9.81
-1.88, 0.90, 9.81
-1.88, 0.90, 9.77
-1.88, 0.90, 9.77
-1.88, 0.90, 9.77
-1.88, 0.90, 9.77
-1.88, 0.90, 9.77
-1.88, 0.90, 9.61
-1.88, 0.90, 9.61
-1.88, 0.90, 9.61
-1.88, 0.90, 9.61
-1.88, 0.90, 9.61
-1.88, 0.94, 9.61
-1.84, 0.94, 9.61
-1.84, 0.94, 9.61
-1.84, 0.94, 9.61
-1.84, 0.94, 9.61
-1.84, 0.90, 9.69
-1.84, 0.90, 9.69
-1.84, 0.90, 9.69
-1.84, 0.90, 9.69
-1.84, 0.90, 9.69
-1.84, 0.90, 9.69
-1.92, 0.90, 9.69
-1.92, 0.90, 9.69
-1.92, 0.90, 9.69
-1.92, 0.90, 9.69
-1.92, 0.94, 9.57
-2.04, 0.94, 9.57
-2.04, 0.94, 9.57
-2.04, 0.94, 9.57
-2.04, 0.94, 9.57
-2.04, 0.94, 9.69
-1.84, 0.82, 9.69
-1.84, 0.82, 9.69
-1.84, 0.82, 9.69
-1.84, 0.82, 9.69
-1.84, 0.82, 9.77
-1.96, 0.78, 9.77
-1.96, 0.78, 9.77
-1.96, 0.78, 9.77
-1.96, 0.78, 9.77
-1.96, 0.78, 9.73
-2.04, 0.67, 9.73
-2.04, 0.67, 9.73
-2.04, 0.67, 9.73
-2.04, 0.67, 9.73
-2.04, 0.67, 9.65
-1.96, 0.78, 9.65
-1.96, 0.78, 9.65
-1.96, 0.78, 9.65
-1.96, 0.78, 9.65
-1.96, 0.78, 9.77
-1.96, 0.75, 9.77
-1.96, 0.75, 9.77
-1.96, 0.75, 9.77
-1.96, 0.75, 9.77
-1.96, 0.75, 9.85
-2.00, 0.75, 9.85
-2.00, 0.75, 9.85
-2.00, 0.75, 9.85
-2.00, 0.75, 9.85
-2.00, 0.75, 9.85
-2.04, 0.75, 9.85
-2.04, 0.75, 9.85
-2.04, 0.75, 9.85
-2.04, 0.75, 9.85
-2.04, 0.75, 9.85
-2.00, 0.86, 9.85
-2.00, 0.86, 9.85
-2.00, 0.86, 9.85
-2.00, 0.86, 9.85
-2.00, 0.86, 9.96
-2.00, 0.86, 9.96
-2.00, 0.86, 9.96
-2.00, 0.86, 9.96
-2.00, 0.86, 9.96
-2.00, 0.86, 9.96
-2.12, 0.78, 9.96
-2.12, 0.78, 9.96
-2.12, 0.78, 9.96
-2.12, 0.78, 9.96
-2.12, 0.78, 9.96
-2.04, 0.75, 9.96
-2.04, 0.75, 9.96
-2.04, 0.75, 9.96
-2.04, 0.75, 9.96
-2.04, 0.75, 9.96
-2.00, 0.71, 9.96
-2.00, 0.71, 9.96
-2.00, 0.71, 9.96
-2.00, 0.71, 9.96
-2.00, 0.71, 9.96
-2.00, 0.78, 9.92
-2.00, 0.78, 9.92
-2.00, 0.78, 9.92
-2.00, 0.78, 9.92
-2.00, 0.78, 9.92
-1.96, 0.78, 9.96
-1.96, 0.78, 9.96
-1.96, 0.78, 9.96
-1.96, 0.78, 9.96
-1.96, 0.78, 9.96
-2.00, 0.78, 10.04
-2.00, 0.78, 10.04
-2.00, 0.78, 10.04
-2.00, 0.78, 10.04
-2.00, 0.78, 10.04
-1.96, 0.78, 10.00
-1.96, 0.78, 10.00
-1.96, 0.78, 10.00
-1.96, 0.78, 10.00
-1.96, 0.78, 10.00
-1.84, 0.78, 9.89
-1.84, 0.78, 9.89
-1.84, 0.78, 9.89
-1.84, 0.78, 9.89
-1.84, 0.78, 9.89
-1.88, 0.78, 9.89
-1.88, 0.78, 9.89
-1.88, 0.78, 9.89
-1.88, 0.78, 9.89
-1.88, 0.78, 9.89
-1.84, 0.75, 9.85
-1.84, 0.75, 9.85
-1.84, 0.75, 9.85
-1.84, 0.75, 9.85
-1.84, 0.75, 9.85
-1.80, 0.75, 9.77
-1.80, 0.75, 9.77
-1.80, 0.75, 9.77
-1.80, 0.75, 9.77
-1.80, 0.75, 9.77
-1.84, 0.78, 9.73
-1.84, 0.78, 9.73
-1.84, 0.78, 9.73
-1.84, 0.78, 9.73
-1.84, 0.78, 9.73
-1.77, 0.78, 9.73
-1.77, 0.78, 9.73
-1.77, 0.78, 9.73
-1.77, 0.78, 9.73
-1.77, 0.78, 9.73
-1.77, 0.71, 9.73
-1.77, 0.71, 9.73
-1.77, 0.71, 9.73
-1.77, 0.71, 9.73
-1.77, 0.71, 9.73
-1.77, 0.67, 9.69
-1.80, 0.67, 9.69
-1.80, 0.67, 9.69
-1.80, 0.67, 9.69
-1.80, 0.67, 9.69
-1.80, 0.71, 9.81
-1.80, 0.71, 9.81
-1.80, 0.71, 9.81
-1.80, 0.71, 9.81
-1.80, 0.71, 9.81
-1.80, 0.67, 9.73
-1.80, 0.67, 9.73
-1.80, 0.67, 9.73
-1.80, 0.67, 9.73
-1.80, 0.67, 9.73
-1.80, 0.71, 9.89
-1.92, 0.71, 9.89
-1.92, 0.71, 9.89
-1.92, 0.71, 9.89
-1.92, 0.71, 9.89
-1.92, 0.71, 9.85
-1.96, 0.71, 9.85
-1.96, 0.71, 9.85
-1.96, 0.71, 9.85
-1.96, 0.71, 9.85
-1.96, 0.67, 9.92
-1.88, 0.67, 9.92
-1.88, 0.67, 9.92
-1.88, 0.67, 9.92
-1.88, 0.67, 9.92
-1.88, 0.75, 9.96
-1.88, 0.75, 9.96
-1.88, 0.75, 9.96
-1.88, 0.75, 9.96
-1.88, 0.75, 9.96
-1.88, 0.75, 9.92
-1.88, 0.75, 9.92
-1.88, 0.75, 9.92
-1.88, 0.75, 9.92
-1.88, 0.75, 9.92
-1.88, 0.71, 10.00
-1.88, 0.71, 10.00
-1.88, 0.71, 10.00
-1.88, 0.71, 10.00
-1.88, 0.71, 10.00
-1.88, 0.67, 10.00
-1.88, 0.67, 10.00
-1.88, 0.67, 10.00
-1.88, 0.67, 10.00
-1.88, 0.67, 10.00
